{"notes":[{"sectionNotes":[[100,2,600],[100,6,600]],"lengthInSteps":16,"typeOfSection":0,"mustHitSection":true},{"sectionNotes":[[1700,1,400],[2200,3,400],[2200,7,400],[1700,5,400]],"lengthInSteps":16,"typeOfSection":0,"mustHitSection":true},{"sectionNotes":[[3200,0,600],[3200,4,600],[4700,7,0],[4700,3,0]],"lengthInSteps":16,"typeOfSection":0,"mustHitSection":true},{"sectionNotes":[[5000,1,500],[5000,5,500],[6000,2,400],[6000,6,400]],"lengthInSteps":16,"typeOfSection":0,"mustHitSection":true},{"sectionNotes":[[6600,0,600],[6600,4,600],[7400,3,500],[7400,7,500]],"lengthInSteps":16,"typeOfSection":0,"mustHitSection":false},{"sectionNotes":[[8600,2,500],[8600,6,500]],"lengthInSteps":16,"typeOfSection":0,"mustHitSection":false},{"sectionNotes":[[10400,1,400],[10400,5,400]],"lengthInSteps":16,"typeOfSection":0,"mustHitSection":true},{"sectionNotes":[[11200,3,600],[11200,7,600],[11900,0,400],[11900,4,400]],"lengthInSteps":16,"typeOfSection":0,"mustHitSection":true},{"sectionNotes":[[13200,2,400],[13200,6,400],[14000,1,300],[14000,5,300]],"lengthInSteps":16,"typeOfSection":0,"mustHitSection":false},{"sectionNotes":[[14800,3,500],[14800,7,500]],"lengthInSteps":16,"typeOfSection":0,"mustHitSection":false},{"sectionNotes":[[16200,0,600],[16200,4,600],[16900,7,500],[16900,3,500]],"lengthInSteps":16,"typeOfSection":0,"mustHitSection":true},{"sectionNotes":[[17800,1,600],[17800,5,600]],"lengthInSteps":16,"typeOfSection":0,"mustHitSection":true},{"sectionNotes":[[19400,3,600],[19400,7,600]],"lengthInSteps":16,"typeOfSection":0,"mustHitSection":false},{"sectionNotes":[[20800,2,800],[20800,6,800],[22100,5,400],[22100,1,400]],"lengthInSteps":16,"typeOfSection":0,"mustHitSection":false},{"sectionNotes":[[22800,3,600],[22800,7,600],[23600,2,0],[23800,1,0],[23900,3,0],[23600,6,0],[23800,5,0],[23900,7,0]],"lengthInSteps":16,"typeOfSection":0,"mustHitSection":false},{"sectionNotes":[[24100,3,0],[24200,0,0],[24300,3,0],[24400,0,0],[24500,3,0],[24600,0,0],[24600,4,0],[24400,4,0],[24200,4,0],[24100,7,0],[24300,7,0],[24500,7,0],[24700,1,0],[24800,1,0],[24700,5,0],[24800,5,0],[25500,1,0],[25300,2,0],[25300,6,0],[25500,5,0]],"lengthInSteps":16,"typeOfSection":0,"mustHitSection":false},{"sectionNotes":[[25700,2,0],[26000,1,0],[26200,3,0],[26500,0,0],[26600,3,0],[26900,0,0]],"lengthInSteps":16,"typeOfSection":0,"mustHitSection":true},{"sectionNotes":[[27300,2,0],[27400,3,0],[27500,2,0],[27600,3,0],[27800,1,400],[28300,2,0],[28400,3,0],[28500,0,0],[28600,3,0]],"lengthInSteps":16,"typeOfSection":0,"mustHitSection":true},{"sectionNotes":[[28800,2,400],[29300,0,0],[29400,0,0],[29600,3,0],[29700,3,0],[30100,3,0],[30200,0,0],[30300,3,0]],"lengthInSteps":16,"typeOfSection":0,"mustHitSection":true},{"sectionNotes":[[30400,2,0],[31600,2,0],[30600,0,0],[31100,3,0],[31500,1,0],[31700,1,0]],"lengthInSteps":16,"typeOfSection":0,"mustHitSection":true},{"sectionNotes":[[32400,0,0],[32600,0,0],[32800,0,0],[33300,1,0],[33400,1,0],[33500,1,0],[33300,2,0],[33400,2,0],[33500,2,0],[32000,0,0],[32000,3,0],[32100,1,0],[32100,2,0],[32300,1,0],[32300,2,0],[32500,1,0],[32500,2,0],[32700,1,0],[32700,2,0],[32900,1,0],[32900,2,0],[33100,1,0],[33100,2,0],[33000,3,0],[33000,0,0],[32800,3,0],[32600,3,0],[32400,3,0],[32200,3,0],[32200,0,0]],"lengthInSteps":16,"typeOfSection":0,"mustHitSection":false},{"sectionNotes":[[34400,2,0],[33600,1,0],[33900,1,0],[34100,2,0],[34700,0,400],[34700,4,400]],"lengthInSteps":16,"typeOfSection":0,"mustHitSection":false},{"sectionNotes":[[35200,0,0],[35600,3,0],[36000,3,0],[35700,0,0],[36200,2,0],[36500,1,0],[36700,3,0],[36700,4,0]],"lengthInSteps":16,"typeOfSection":0,"mustHitSection":true},{"sectionNotes":[[36800,1,0],[37200,3,0],[38100,0,0],[37600,2,0]],"lengthInSteps":16,"typeOfSection":0,"mustHitSection":true},{"sectionNotes":[[38400,2,0],[38800,0,0],[39000,0,0],[38900,3,0],[38700,3,0]],"lengthInSteps":16,"typeOfSection":0,"mustHitSection":false},{"sectionNotes":[[40300,1,0],[40200,1,0],[40400,1,0],[40500,1,0],[40800,2,300],[41200,2,0],[41300,2,0],[41400,2,0],[41500,2,0]],"lengthInSteps":16,"typeOfSection":0,"mustHitSection":false},{"sectionNotes":[[41600,2,0],[42000,0,0],[42200,0,0],[42600,3,0],[42800,1,0]],"lengthInSteps":16,"typeOfSection":0,"mustHitSection":true},{"sectionNotes":[[44600,4,0],[44700,7,0],[43900,1,0],[43200,1,0],[43600,3,0],[44100,0,0],[44500,2,0]],"lengthInSteps":16,"typeOfSection":0,"mustHitSection":true},{"sectionNotes":[[45600,3,0],[45300,3,0],[46000,3,0],[44800,2,0],[45100,1,0]],"lengthInSteps":16,"typeOfSection":0,"mustHitSection":false},{"sectionNotes":[[46400,2,0],[46700,1,0],[46900,3,0],[47300,1,0],[47500,0,0]],"lengthInSteps":16,"typeOfSection":0,"mustHitSection":false},{"sectionNotes":[[48500,3,0],[48800,3,0],[49200,3,0],[49400,3,0],[48300,1,0],[48000,2,0]],"lengthInSteps":16,"typeOfSection":0,"mustHitSection":false},{"sectionNotes":[[50100,3,0],[49900,1,0],[49600,2,0],[50400,3,0],[50800,4,0],[51000,7,0]],"lengthInSteps":16,"typeOfSection":0,"mustHitSection":false},{"sectionNotes":[[52000,3,0],[51700,3,0],[52400,3,0],[51200,2,0],[51500,1,0]],"lengthInSteps":16,"typeOfSection":0,"mustHitSection":true},{"sectionNotes":[[52800,2,0],[53100,1,0],[53300,3,0],[53700,1,0],[53900,0,0]],"lengthInSteps":16,"typeOfSection":0,"mustHitSection":true},{"sectionNotes":[[54900,3,0],[55200,3,0],[55600,3,0],[55800,3,0],[54700,1,0],[54400,2,0]],"lengthInSteps":16,"typeOfSection":0,"mustHitSection":true},{"sectionNotes":[[56500,3,0],[56300,1,0],[56000,2,0],[56800,3,0],[56900,4,0],[56800,4,0],[56700,4,0],[57100,4,0],[57300,5,0]],"lengthInSteps":16,"typeOfSection":0,"mustHitSection":true},{"sectionNotes":[[57600,2,300],[58000,3,400],[58500,1,200],[58800,2,200]],"lengthInSteps":16,"typeOfSection":0,"mustHitSection":false},{"sectionNotes":[[59200,2,100],[59600,0,300],[60000,1,300],[60400,2,200]],"lengthInSteps":16,"typeOfSection":0,"mustHitSection":false},{"sectionNotes":[[60800,1,0],[61200,1,0],[61800,3,0],[62000,0,0]],"lengthInSteps":16,"typeOfSection":0,"mustHitSection":false},{"sectionNotes":[[62400,1,0],[62800,1,0],[63400,3,0],[63600,0,0]],"lengthInSteps":16,"typeOfSection":0,"mustHitSection":false},{"sectionNotes":[[64000,2,300],[64400,3,400],[64900,1,200],[65200,2,200]],"lengthInSteps":16,"typeOfSection":0,"mustHitSection":true},{"typeOfSection":0,"sectionNotes":[[65600,2,100],[66000,0,300],[66400,1,300],[66800,2,200]],"lengthInSteps":16,"bpm":150,"changeBPM":false,"mustHitSection":true},{"typeOfSection":0,"sectionNotes":[[67200,1,0],[67600,1,0],[68200,3,0],[68400,0,0]],"lengthInSteps":16,"bpm":150,"changeBPM":false,"mustHitSection":true},{"typeOfSection":0,"sectionNotes":[[68800,1,0],[69200,1,0],[69800,3,0],[70000,0,0]],"lengthInSteps":16,"bpm":150,"changeBPM":false,"mustHitSection":true},{"typeOfSection":0,"sectionNotes":[[70400,2,0],[71000,2,0],[71400,3,0],[71700,1,0],[70600,2,0]],"lengthInSteps":16,"bpm":150,"changeBPM":false,"mustHitSection":false},{"typeOfSection":0,"sectionNotes":[[72000,2,0],[72600,2,0],[73000,3,0],[73300,1,0],[72200,2,0]],"lengthInSteps":16,"bpm":150,"changeBPM":false,"mustHitSection":false},{"typeOfSection":0,"sectionNotes":[[73600,2,0],[74200,2,0],[74600,3,0],[74900,1,0],[73800,2,0]],"lengthInSteps":16,"bpm":150,"changeBPM":false,"mustHitSection":false},{"typeOfSection":0,"sectionNotes":[[75200,2,0],[75800,2,0],[76200,3,0],[76500,1,0],[75400,2,0],[75200,4,300],[75600,5,300],[76000,7,300],[76400,5,300]],"lengthInSteps":16,"bpm":157,"changeBPM":false,"mustHitSection":false},{"typeOfSection":0,"sectionNotes":[[76800,2,0],[77400,2,0],[77800,3,0],[78100,1,0],[77000,2,0]],"lengthInSteps":16,"bpm":150,"changeBPM":false,"mustHitSection":true},{"typeOfSection":0,"sectionNotes":[[78400,2,0],[79000,2,0],[79400,3,0],[79700,1,0],[78600,2,0]],"lengthInSteps":16,"bpm":150,"changeBPM":false,"mustHitSection":true},{"typeOfSection":0,"sectionNotes":[[80000,2,0],[80600,2,0],[81000,3,0],[81300,1,0],[80200,2,0]],"lengthInSteps":16,"bpm":150,"changeBPM":false,"mustHitSection":true},{"typeOfSection":0,"sectionNotes":[[81600,2,0],[82200,2,0],[82600,3,0],[82900,1,0],[81800,2,0],[81600,4,300],[82000,5,300],[82400,7,300],[82800,5,300]],"lengthInSteps":16,"bpm":150,"changeBPM":false,"mustHitSection":true},{"typeOfSection":0,"sectionNotes":[[83200,2,0],[83800,2,0],[84200,3,0],[84500,1,0],[83400,2,0]],"lengthInSteps":16,"bpm":150,"changeBPM":false,"mustHitSection":false},{"typeOfSection":0,"sectionNotes":[[84800,2,0],[85400,2,0],[85800,3,0],[86100,1,0],[85000,2,0]],"lengthInSteps":16,"bpm":150,"changeBPM":false,"mustHitSection":false},{"typeOfSection":0,"sectionNotes":[[86400,2,0],[87000,2,0],[87400,3,0],[87700,1,0],[86600,2,0]],"lengthInSteps":16,"bpm":150,"changeBPM":false,"mustHitSection":false},{"typeOfSection":0,"sectionNotes":[[88000,2,0],[88600,2,0],[89000,3,0],[89300,1,0],[88200,2,0],[88000,4,300],[88400,5,300],[88800,7,300],[89200,5,300]],"lengthInSteps":16,"bpm":150,"changeBPM":false,"mustHitSection":false},{"typeOfSection":0,"sectionNotes":[[89600,2,0],[90200,2,0],[90600,3,0],[90900,1,0],[89800,2,0]],"lengthInSteps":16,"bpm":150,"changeBPM":false,"mustHitSection":true},{"typeOfSection":0,"sectionNotes":[[91200,2,0],[91800,2,0],[92200,3,0],[92500,1,0],[91400,2,0],[91200,2,0],[91800,2,0],[92200,3,0],[92500,1,0],[91400,2,0]],"lengthInSteps":16,"bpm":150,"changeBPM":false,"mustHitSection":true},{"typeOfSection":0,"sectionNotes":[[92800,2,0],[93400,2,0],[93800,3,0],[94100,1,0],[93000,2,0]],"lengthInSteps":16,"bpm":150,"changeBPM":false,"mustHitSection":true},{"typeOfSection":0,"sectionNotes":[[94400,2,0],[95000,2,0],[95400,3,0],[95700,1,0],[94600,2,0]],"lengthInSteps":16,"bpm":150,"changeBPM":false,"mustHitSection":true},{"typeOfSection":0,"sectionNotes":[[96200,2,0],[96700,1,0],[96500,2,0],[97000,2,0],[97200,0,0],[97400,2,0],[97300,3,0],[97500,0,0],[97200,4,0],[97300,7,0],[97400,6,0],[97500,4,0],[97000,6,0],[96700,5,0],[96500,6,0],[96200,6,0],[96000,4,0],[96000,0,0]],"lengthInSteps":16,"bpm":150,"changeBPM":false,"mustHitSection":true},{"typeOfSection":0,"sectionNotes":[],"lengthInSteps":16,"bpm":150,"changeBPM":false,"mustHitSection":true},{"typeOfSection":0,"sectionNotes":[],"lengthInSteps":16,"bpm":150,"changeBPM":false,"mustHitSection":true},{"typeOfSection":0,"sectionNotes":[],"lengthInSteps":16,"bpm":150,"changeBPM":false,"mustHitSection":true},{"typeOfSection":0,"sectionNotes":[],"lengthInSteps":16,"bpm":150,"changeBPM":false,"mustHitSection":true},{"typeOfSection":0,"sectionNotes":[],"lengthInSteps":16,"bpm":150,"changeBPM":false,"mustHitSection":true},{"lengthInSteps":16,"altAnim":false,"typeOfSection":0,"sectionNotes":[[105700,2,500],[105700,6,500]],"bpm":150,"changeBPM":false,"mustHitSection":true},{"lengthInSteps":16,"altAnim":false,"typeOfSection":0,"sectionNotes":[[107200,1,500],[107200,5,500],[107800,7,500],[107800,3,500]],"bpm":150,"changeBPM":false,"mustHitSection":true},{"lengthInSteps":16,"altAnim":false,"typeOfSection":0,"sectionNotes":[[108800,0,500],[108800,4,500],[109900,7,400],[109900,3,400]],"bpm":150,"changeBPM":false,"mustHitSection":true},{"lengthInSteps":16,"altAnim":false,"typeOfSection":0,"sectionNotes":[[110600,2,700],[110600,6,700],[111600,0,0],[111500,1,0],[111700,2,0],[111800,3,0],[111800,7,0],[111700,6,0],[111500,5,0],[111600,4,0]],"bpm":150,"changeBPM":false,"mustHitSection":true},{"lengthInSteps":16,"altAnim":false,"typeOfSection":0,"sectionNotes":[[112900,3,600],[112900,7,600]],"bpm":150,"changeBPM":false,"mustHitSection":true},{"lengthInSteps":16,"altAnim":false,"typeOfSection":0,"sectionNotes":[[114300,0,800],[114300,4,800]],"bpm":150,"changeBPM":false,"mustHitSection":true},{"lengthInSteps":16,"altAnim":false,"typeOfSection":0,"sectionNotes":[[115700,3,600],[115700,7,600],[116400,2,500],[116400,6,500]],"bpm":150,"changeBPM":false,"mustHitSection":true},{"lengthInSteps":16,"altAnim":false,"typeOfSection":0,"sectionNotes":[[117200,1,600],[117200,5,600]],"bpm":150,"changeBPM":false,"mustHitSection":true},{"lengthInSteps":16,"altAnim":false,"typeOfSection":0,"sectionNotes":[[118700,4,700],[118700,0,700],[119500,3,400],[119500,7,400]],"bpm":150,"changeBPM":false,"mustHitSection":true},{"lengthInSteps":16,"altAnim":false,"typeOfSection":0,"sectionNotes":[[120100,0,600],[120100,4,600]],"bpm":150,"changeBPM":false,"mustHitSection":true},{"lengthInSteps":16,"altAnim":false,"typeOfSection":0,"sectionNotes":[[121700,3,700],[121700,7,700],[122400,4,700],[122400,0,700]],"bpm":150,"changeBPM":false,"mustHitSection":true},{"lengthInSteps":16,"altAnim":false,"typeOfSection":0,"sectionNotes":[[123300,2,800],[123300,6,800],[124300,1,400],[124300,5,400]],"bpm":150,"changeBPM":false,"mustHitSection":true},{"lengthInSteps":16,"altAnim":false,"typeOfSection":0,"sectionNotes":[[125700,3,600],[125700,7,600]],"bpm":150,"changeBPM":false,"mustHitSection":true},{"lengthInSteps":16,"altAnim":false,"typeOfSection":0,"sectionNotes":[],"bpm":150,"changeBPM":false,"mustHitSection":true},{"lengthInSteps":16,"altAnim":false,"typeOfSection":0,"sectionNotes":[],"bpm":150,"changeBPM":false,"mustHitSection":true},{"lengthInSteps":16,"altAnim":false,"typeOfSection":0,"sectionNotes":[],"bpm":150,"changeBPM":false,"mustHitSection":true},{"lengthInSteps":16,"altAnim":false,"typeOfSection":0,"sectionNotes":[],"bpm":150,"changeBPM":false,"mustHitSection":true},{"lengthInSteps":16,"altAnim":false,"typeOfSection":0,"sectionNotes":[],"bpm":150,"changeBPM":false,"mustHitSection":true},{"lengthInSteps":16,"altAnim":false,"typeOfSection":0,"sectionNotes":[],"bpm":150,"changeBPM":false,"mustHitSection":true},{"lengthInSteps":16,"altAnim":false,"typeOfSection":0,"sectionNotes":[[136200,3,0],[136400,0,0],[136700,3,0],[137000,0,0],[136200,7,0],[136400,4,0],[136700,7,0],[137000,4,0]],"bpm":150,"changeBPM":false,"mustHitSection":true},{"lengthInSteps":16,"altAnim":false,"typeOfSection":0,"sectionNotes":[[137900,1,0],[138000,2,0],[138100,1,0],[138300,1,0],[138400,2,0],[138500,1,0],[138600,2,0],[137700,1,0],[137800,2,0],[137700,5,0],[137800,6,0],[137900,5,0],[138000,6,0],[138100,5,0],[138200,6,0],[138200,2,0],[138300,5,0],[138400,6,0],[138500,5,0],[138600,6,0],[138800,6,0],[139000,6,0],[139100,5,0],[138900,5,0],[138700,5,0],[138800,2,0],[139000,2,0],[139100,1,0],[138900,1,0],[138700,1,0]],"bpm":150,"changeBPM":false,"mustHitSection":true},{"lengthInSteps":16,"altAnim":false,"typeOfSection":0,"sectionNotes":[],"bpm":150,"changeBPM":false,"mustHitSection":true},{"lengthInSteps":16,"altAnim":false,"typeOfSection":0,"sectionNotes":[],"bpm":150,"changeBPM":false,"mustHitSection":true},{"lengthInSteps":16,"altAnim":false,"typeOfSection":0,"sectionNotes":[[143300,2,600],[143300,6,600]],"bpm":150,"changeBPM":false,"mustHitSection":true},{"lengthInSteps":16,"altAnim":false,"typeOfSection":0,"sectionNotes":[[144500,6,0],[145000,6,0],[145300,6,0],[145300,5,0],[144800,4,0],[144600,5,0],[144300,5,0],[144300,7,0],[144600,7,0],[145000,5,0],[145100,6,0],[145300,7,0],[145400,6,0],[145500,5,0],[144700,6,0],[144600,6,0]],"bpm":150,"changeBPM":false,"mustHitSection":true},{"lengthInSteps":16,"altAnim":false,"typeOfSection":0,"sectionNotes":[[146300,2,0],[146500,2,0],[146600,0,0],[146800,2,0],[147000,3,0],[146300,6,0],[146500,6,0],[146600,4,0],[146800,6,0],[147000,7,0]],"bpm":150,"changeBPM":false,"mustHitSection":true},{"lengthInSteps":16,"altAnim":false,"typeOfSection":0,"sectionNotes":[[147300,2,0],[147400,3,0],[147300,6,0],[147400,7,0],[147700,2,0],[147800,3,0],[147700,6,0],[147800,7,0],[148100,2,0],[148200,3,0],[148100,6,0],[148200,7,0],[148500,2,0],[148600,3,0],[148500,6,0],[148600,7,0]],"bpm":150,"changeBPM":false,"mustHitSection":true},{"lengthInSteps":16,"altAnim":false,"typeOfSection":0,"sectionNotes":[[149300,2,0],[149600,1,0],[149300,6,0],[149600,5,0],[149900,2,400],[149900,6,400]],"bpm":150,"changeBPM":false,"mustHitSection":true},{"lengthInSteps":16,"altAnim":false,"typeOfSection":0,"sectionNotes":[[151000,3,500],[151000,7,500],[151600,0,0],[151700,1,0],[151800,2,0],[151600,4,0],[151700,5,0],[151800,6,0],[151900,7,0],[151900,3,0]],"bpm":150,"changeBPM":false,"mustHitSection":true},{"lengthInSteps":16,"altAnim":false,"typeOfSection":0,"sectionNotes":[[152000,2,0],[152200,2,0],[152400,2,0],[152600,2,0],[152800,2,0],[153000,2,0],[153200,2,0],[153400,2,0],[153400,6,0],[153200,6,0],[153000,6,0],[152800,6,0],[152600,6,0],[152400,6,0],[152200,6,0],[152000,6,0]],"bpm":150,"changeBPM":false,"mustHitSection":true},{"lengthInSteps":16,"altAnim":false,"typeOfSection":0,"sectionNotes":[[153700,1,0],[153900,1,0],[154100,1,0],[154300,1,0],[154500,1,0],[154700,1,0],[153700,5,0],[153900,5,0],[154100,5,0],[154300,5,0],[154500,5,0],[154700,5,0],[154900,1,0],[155100,1,0],[155100,5,0],[154900,5,0]],"bpm":150,"changeBPM":false,"mustHitSection":true},{"lengthInSteps":16,"altAnim":false,"typeOfSection":0,"sectionNotes":[[155200,7,0],[155400,7,0],[155600,7,0],[155800,7,0],[156000,7,0],[156200,7,0],[155200,3,0],[155400,3,0],[155600,3,0],[155800,3,0],[156000,3,0],[156200,3,0],[156400,3,0],[156600,3,0],[156400,7,0],[156600,7,0]],"bpm":150,"changeBPM":false,"mustHitSection":true},{"lengthInSteps":16,"altAnim":false,"typeOfSection":0,"sectionNotes":[[156900,0,0],[157500,0,0],[157700,0,0],[157700,4,0],[157500,4,0],[157300,4,0],[157300,0,0],[157100,4,0],[157100,0,0],[156900,4,0],[158100,4,0],[157900,4,0],[158300,4,0],[158100,0,0],[157900,0,0],[158300,0,0]],"bpm":150,"changeBPM":false,"mustHitSection":true},{"lengthInSteps":16,"altAnim":false,"typeOfSection":0,"sectionNotes":[[158400,6,0],[158600,6,0],[158800,6,0],[159000,4,0],[159200,4,0],[159300,7,0],[159500,7,0],[159700,5,0],[159900,5,0]],"bpm":150,"changeBPM":false,"mustHitSection":true},{"lengthInSteps":16,"altAnim":false,"typeOfSection":0,"sectionNotes":[[160200,5,0],[160400,5,0],[160600,5,0],[160600,2,0],[160400,2,0],[160200,2,0],[160900,7,0],[161100,7,0],[161300,7,0],[160900,0,0],[161100,0,0],[161300,0,0],[161500,2,0],[161500,5,0]],"bpm":150,"changeBPM":false,"mustHitSection":true},{"lengthInSteps":16,"altAnim":false,"typeOfSection":0,"sectionNotes":[[161700,2,0],[161900,3,0],[161700,6,0],[161900,7,0],[162200,2,0],[162400,3,0],[162200,6,0],[162400,7,0],[162700,2,0],[162900,3,0],[162700,6,0],[162900,7,0],[163100,0,0],[163100,4,0],[163000,4,0],[163000,0,0]],"bpm":150,"changeBPM":false,"mustHitSection":true},{"lengthInSteps":16,"altAnim":false,"typeOfSection":0,"sectionNotes":[],"bpm":150,"changeBPM":false,"mustHitSection":true},{"lengthInSteps":16,"altAnim":false,"typeOfSection":0,"sectionNotes":[],"bpm":150,"changeBPM":false,"mustHitSection":true},{"lengthInSteps":16,"altAnim":false,"typeOfSection":0,"sectionNotes":[],"bpm":150,"changeBPM":false,"mustHitSection":true},{"lengthInSteps":16,"altAnim":false,"typeOfSection":0,"sectionNotes":[],"bpm":150,"changeBPM":false,"mustHitSection":true},{"lengthInSteps":16,"altAnim":false,"typeOfSection":0,"sectionNotes":[],"bpm":150,"changeBPM":false,"mustHitSection":true},{"lengthInSteps":16,"altAnim":false,"typeOfSection":0,"sectionNotes":[[171800,2,400],[171800,6,400],[172400,6,200],[172400,2,200]],"bpm":150,"changeBPM":false,"mustHitSection":true},{"lengthInSteps":16,"altAnim":false,"typeOfSection":0,"sectionNotes":[[172900,3,300],[172900,7,300],[173300,0,300],[173300,4,300],[173700,5,300],[173700,1,300],[174100,2,300],[174100,6,300]],"bpm":150,"changeBPM":false,"mustHitSection":true},{"lengthInSteps":16,"altAnim":false,"typeOfSection":0,"sectionNotes":[[174500,7,300],[174500,3,300],[174900,0,300],[174900,4,300],[175300,2,300],[175300,6,300],[175700,1,0],[175800,1,0],[175900,1,0],[175700,5,0],[175800,5,0],[175900,5,0]],"bpm":150,"changeBPM":false,"mustHitSection":true}],"sections":110,"bpm":150,"song":{"sectionLengths":[],"player1":"bf","player2":"spooky","notes":[{"sectionNotes":[[100,2,600],[100,6,600]],"lengthInSteps":16,"typeOfSection":0,"mustHitSection":true},{"sectionNotes":[[1700,1,400],[2200,3,400],[2200,7,400],[1700,5,400]],"lengthInSteps":16,"typeOfSection":0,"mustHitSection":true},{"sectionNotes":[[3200,0,600],[3200,4,600],[4700,7,0],[4700,3,0]],"lengthInSteps":16,"typeOfSection":0,"mustHitSection":true},{"sectionNotes":[[5000,1,500],[5000,5,500],[6000,2,400],[6000,6,400]],"lengthInSteps":16,"typeOfSection":0,"mustHitSection":true},{"sectionNotes":[[6600,0,600],[6600,4,600],[7400,3,500],[7400,7,500]],"lengthInSteps":16,"typeOfSection":0,"mustHitSection":false},{"sectionNotes":[[8600,2,500],[8600,6,500]],"lengthInSteps":16,"typeOfSection":0,"mustHitSection":false},{"sectionNotes":[[10400,1,400],[10400,5,400]],"lengthInSteps":16,"typeOfSection":0,"mustHitSection":true},{"sectionNotes":[[11200,3,600],[11200,7,600],[11900,0,400],[11900,4,400]],"lengthInSteps":16,"typeOfSection":0,"mustHitSection":true},{"sectionNotes":[[13200,2,400],[13200,6,400],[14000,1,300],[14000,5,300]],"lengthInSteps":16,"typeOfSection":0,"mustHitSection":false},{"sectionNotes":[[14800,3,500],[14800,7,500]],"lengthInSteps":16,"typeOfSection":0,"mustHitSection":false},{"sectionNotes":[[16200,0,600],[16200,4,600],[16900,7,500],[16900,3,500]],"lengthInSteps":16,"typeOfSection":0,"mustHitSection":true},{"sectionNotes":[[17800,1,600],[17800,5,600]],"lengthInSteps":16,"typeOfSection":0,"mustHitSection":true},{"sectionNotes":[[19400,3,600],[19400,7,600]],"lengthInSteps":16,"typeOfSection":0,"mustHitSection":false},{"sectionNotes":[[20800,2,800],[20800,6,800],[22100,5,400],[22100,1,400]],"lengthInSteps":16,"typeOfSection":0,"mustHitSection":false},{"sectionNotes":[[22800,3,600],[22800,7,600],[23600,2,0],[23800,1,0],[23900,3,0],[23600,6,0],[23800,5,0],[23900,7,0]],"lengthInSteps":16,"typeOfSection":0,"mustHitSection":false},{"sectionNotes":[[24100,3,0],[24200,0,0],[24300,3,0],[24400,0,0],[24500,3,0],[24600,0,0],[24600,4,0],[24400,4,0],[24200,4,0],[24100,7,0],[24300,7,0],[24500,7,0],[24700,1,0],[24800,1,0],[24700,5,0],[24800,5,0],[25500,1,0],[25300,2,0],[25300,6,0],[25500,5,0]],"lengthInSteps":16,"typeOfSection":0,"mustHitSection":false},{"sectionNotes":[[25700,2,0],[26000,1,0],[26200,3,0],[26500,0,0],[26600,3,0],[26900,0,0]],"lengthInSteps":16,"typeOfSection":0,"mustHitSection":true},{"sectionNotes":[[27300,2,0],[27400,3,0],[27500,2,0],[27600,3,0],[27800,1,400],[28300,2,0],[28400,3,0],[28500,0,0],[28600,3,0]],"lengthInSteps":16,"typeOfSection":0,"mustHitSection":true},{"sectionNotes":[[28800,2,400],[29300,0,0],[29400,0,0],[29600,3,0],[29700,3,0],[30100,3,0],[30200,0,0],[30300,3,0]],"lengthInSteps":16,"typeOfSection":0,"mustHitSection":true},{"sectionNotes":[[30400,2,0],[31600,2,0],[30600,0,0],[31100,3,0],[31500,1,0],[31700,1,0]],"lengthInSteps":16,"typeOfSection":0,"mustHitSection":true},{"sectionNotes":[[32400,0,0],[32600,0,0],[32800,0,0],[33300,1,0],[33400,1,0],[33500,1,0],[33300,2,0],[33400,2,0],[33500,2,0],[32000,0,0],[32000,3,0],[32100,1,0],[32100,2,0],[32300,1,0],[32300,2,0],[32500,1,0],[32500,2,0],[32700,1,0],[32700,2,0],[32900,1,0],[32900,2,0],[33100,1,0],[33100,2,0],[33000,3,0],[33000,0,0],[32800,3,0],[32600,3,0],[32400,3,0],[32200,3,0],[32200,0,0]],"lengthInSteps":16,"typeOfSection":0,"mustHitSection":false},{"sectionNotes":[[34400,2,0],[33600,1,0],[33900,1,0],[34100,2,0],[34700,0,400],[34700,4,400]],"lengthInSteps":16,"typeOfSection":0,"mustHitSection":false},{"sectionNotes":[[35200,0,0],[35600,3,0],[36000,3,0],[35700,0,0],[36200,2,0],[36500,1,0],[36700,3,0],[36700,4,0]],"lengthInSteps":16,"typeOfSection":0,"mustHitSection":true},{"sectionNotes":[[36800,1,0],[37200,3,0],[38100,0,0],[37600,2,0]],"lengthInSteps":16,"typeOfSection":0,"mustHitSection":true},{"sectionNotes":[[38400,2,0],[38800,0,0],[39000,0,0],[38900,3,0],[38700,3,0]],"lengthInSteps":16,"typeOfSection":0,"mustHitSection":false},{"sectionNotes":[[40300,1,0],[40200,1,0],[40400,1,0],[40500,1,0],[40800,2,300],[41200,2,0],[41300,2,0],[41400,2,0],[41500,2,0]],"lengthInSteps":16,"typeOfSection":0,"mustHitSection":false},{"sectionNotes":[[41600,2,0],[42000,0,0],[42200,0,0],[42600,3,0],[42800,1,0]],"lengthInSteps":16,"typeOfSection":0,"mustHitSection":true},{"sectionNotes":[[44600,4,0],[44700,7,0],[43900,1,0],[43200,1,0],[43600,3,0],[44100,0,0],[44500,2,0]],"lengthInSteps":16,"typeOfSection":0,"mustHitSection":true},{"sectionNotes":[[45600,3,0],[45300,3,0],[46000,3,0],[44800,2,0],[45100,1,0]],"lengthInSteps":16,"typeOfSection":0,"mustHitSection":false},{"sectionNotes":[[46400,2,0],[46700,1,0],[46900,3,0],[47300,1,0],[47500,0,0]],"lengthInSteps":16,"typeOfSection":0,"mustHitSection":false},{"sectionNotes":[[48500,3,0],[48800,3,0],[49200,3,0],[49400,3,0],[48300,1,0],[48000,2,0]],"lengthInSteps":16,"typeOfSection":0,"mustHitSection":false},{"sectionNotes":[[50100,3,0],[49900,1,0],[49600,2,0],[50400,3,0],[50800,4,0],[51000,7,0]],"lengthInSteps":16,"typeOfSection":0,"mustHitSection":false},{"sectionNotes":[[52000,3,0],[51700,3,0],[52400,3,0],[51200,2,0],[51500,1,0]],"lengthInSteps":16,"typeOfSection":0,"mustHitSection":true},{"sectionNotes":[[52800,2,0],[53100,1,0],[53300,3,0],[53700,1,0],[53900,0,0]],"lengthInSteps":16,"typeOfSection":0,"mustHitSection":true},{"sectionNotes":[[54900,3,0],[55200,3,0],[55600,3,0],[55800,3,0],[54700,1,0],[54400,2,0]],"lengthInSteps":16,"typeOfSection":0,"mustHitSection":true},{"sectionNotes":[[56500,3,0],[56300,1,0],[56000,2,0],[56800,3,0],[56900,4,0],[56800,4,0],[56700,4,0],[57100,4,0],[57300,5,0]],"lengthInSteps":16,"typeOfSection":0,"mustHitSection":true},{"sectionNotes":[[57600,2,300],[58000,3,400],[58500,1,200],[58800,2,200]],"lengthInSteps":16,"typeOfSection":0,"mustHitSection":false},{"sectionNotes":[[59200,2,100],[59600,0,300],[60000,1,300],[60400,2,200]],"lengthInSteps":16,"typeOfSection":0,"mustHitSection":false},{"sectionNotes":[[60800,1,0],[61200,1,0],[61800,3,0],[62000,0,0]],"lengthInSteps":16,"typeOfSection":0,"mustHitSection":false},{"sectionNotes":[[62400,1,0],[62800,1,0],[63400,3,0],[63600,0,0]],"lengthInSteps":16,"typeOfSection":0,"mustHitSection":false},{"sectionNotes":[[64000,2,300],[64400,3,400],[64900,1,200],[65200,2,200]],"lengthInSteps":16,"typeOfSection":0,"mustHitSection":true},{"typeOfSection":0,"sectionNotes":[[65600,2,100],[66000,0,300],[66400,1,300],[66800,2,200]],"lengthInSteps":16,"bpm":150,"changeBPM":false,"mustHitSection":true},{"typeOfSection":0,"sectionNotes":[[67200,1,0],[67600,1,0],[68200,3,0],[68400,0,0]],"lengthInSteps":16,"bpm":150,"changeBPM":false,"mustHitSection":true},{"typeOfSection":0,"sectionNotes":[[68800,1,0],[69200,1,0],[69800,3,0],[70000,0,0]],"lengthInSteps":16,"bpm":150,"changeBPM":false,"mustHitSection":true},{"typeOfSection":0,"sectionNotes":[[70400,2,0],[71000,2,0],[71400,3,0],[71700,1,0],[70600,2,0]],"lengthInSteps":16,"bpm":150,"changeBPM":false,"mustHitSection":false},{"typeOfSection":0,"sectionNotes":[[72000,2,0],[72600,2,0],[73000,3,0],[73300,1,0],[72200,2,0]],"lengthInSteps":16,"bpm":150,"changeBPM":false,"mustHitSection":false},{"typeOfSection":0,"sectionNotes":[[73600,2,0],[74200,2,0],[74600,3,0],[74900,1,0],[73800,2,0]],"lengthInSteps":16,"bpm":150,"changeBPM":false,"mustHitSection":false},{"typeOfSection":0,"sectionNotes":[[75200,2,0],[75800,2,0],[76200,3,0],[76500,1,0],[75400,2,0],[75200,4,300],[75600,5,300],[76000,7,300],[76400,5,300]],"lengthInSteps":16,"bpm":157,"changeBPM":false,"mustHitSection":false},{"typeOfSection":0,"sectionNotes":[[76800,2,0],[77400,2,0],[77800,3,0],[78100,1,0],[77000,2,0]],"lengthInSteps":16,"bpm":150,"changeBPM":false,"mustHitSection":true},{"typeOfSection":0,"sectionNotes":[[78400,2,0],[79000,2,0],[79400,3,0],[79700,1,0],[78600,2,0]],"lengthInSteps":16,"bpm":150,"changeBPM":false,"mustHitSection":true},{"typeOfSection":0,"sectionNotes":[[80000,2,0],[80600,2,0],[81000,3,0],[81300,1,0],[80200,2,0]],"lengthInSteps":16,"bpm":150,"changeBPM":false,"mustHitSection":true},{"typeOfSection":0,"sectionNotes":[[81600,2,0],[82200,2,0],[82600,3,0],[82900,1,0],[81800,2,0],[81600,4,300],[82000,5,300],[82400,7,300],[82800,5,300]],"lengthInSteps":16,"bpm":150,"changeBPM":false,"mustHitSection":true},{"typeOfSection":0,"sectionNotes":[[83200,2,0],[83800,2,0],[84200,3,0],[84500,1,0],[83400,2,0]],"lengthInSteps":16,"bpm":150,"changeBPM":false,"mustHitSection":false},{"typeOfSection":0,"sectionNotes":[[84800,2,0],[85400,2,0],[85800,3,0],[86100,1,0],[85000,2,0]],"lengthInSteps":16,"bpm":150,"changeBPM":false,"mustHitSection":false},{"typeOfSection":0,"sectionNotes":[[86400,2,0],[87000,2,0],[87400,3,0],[87700,1,0],[86600,2,0]],"lengthInSteps":16,"bpm":150,"changeBPM":false,"mustHitSection":false},{"typeOfSection":0,"sectionNotes":[[88000,2,0],[88600,2,0],[89000,3,0],[89300,1,0],[88200,2,0],[88000,4,300],[88400,5,300],[88800,7,300],[89200,5,300]],"lengthInSteps":16,"bpm":150,"changeBPM":false,"mustHitSection":false},{"typeOfSection":0,"sectionNotes":[[89600,2,0],[90200,2,0],[90600,3,0],[90900,1,0],[89800,2,0]],"lengthInSteps":16,"bpm":150,"changeBPM":false,"mustHitSection":true},{"typeOfSection":0,"sectionNotes":[[91200,2,0],[91800,2,0],[92200,3,0],[92500,1,0],[91400,2,0],[91200,2,0],[91800,2,0],[92200,3,0],[92500,1,0],[91400,2,0]],"lengthInSteps":16,"bpm":150,"changeBPM":false,"mustHitSection":true},{"typeOfSection":0,"sectionNotes":[[92800,2,0],[93400,2,0],[93800,3,0],[94100,1,0],[93000,2,0]],"lengthInSteps":16,"bpm":150,"changeBPM":false,"mustHitSection":true},{"typeOfSection":0,"sectionNotes":[[94400,2,0],[95000,2,0],[95400,3,0],[95700,1,0],[94600,2,0]],"lengthInSteps":16,"bpm":150,"changeBPM":false,"mustHitSection":true},{"typeOfSection":0,"sectionNotes":[[96200,2,0],[96700,1,0],[96500,2,0],[97000,2,0],[97200,0,0],[97400,2,0],[97300,3,0],[97500,0,0],[97200,4,0],[97300,7,0],[97400,6,0],[97500,4,0],[97000,6,0],[96700,5,0],[96500,6,0],[96200,6,0],[96000,4,0],[96000,0,0]],"lengthInSteps":16,"bpm":150,"changeBPM":false,"mustHitSection":true},{"typeOfSection":0,"sectionNotes":[],"lengthInSteps":16,"bpm":150,"changeBPM":false,"mustHitSection":true},{"typeOfSection":0,"sectionNotes":[],"lengthInSteps":16,"bpm":150,"changeBPM":false,"mustHitSection":true},{"typeOfSection":0,"sectionNotes":[],"lengthInSteps":16,"bpm":150,"changeBPM":false,"mustHitSection":true},{"typeOfSection":0,"sectionNotes":[],"lengthInSteps":16,"bpm":150,"changeBPM":false,"mustHitSection":true},{"typeOfSection":0,"sectionNotes":[],"lengthInSteps":16,"bpm":150,"changeBPM":false,"mustHitSection":true},{"lengthInSteps":16,"altAnim":false,"typeOfSection":0,"sectionNotes":[[105700,2,500],[105700,6,500]],"bpm":150,"changeBPM":false,"mustHitSection":true},{"lengthInSteps":16,"altAnim":false,"typeOfSection":0,"sectionNotes":[[107200,1,500],[107200,5,500],[107800,7,500],[107800,3,500]],"bpm":150,"changeBPM":false,"mustHitSection":true},{"lengthInSteps":16,"altAnim":false,"typeOfSection":0,"sectionNotes":[[108800,0,500],[108800,4,500],[109900,7,400],[109900,3,400]],"bpm":150,"changeBPM":false,"mustHitSection":true},{"lengthInSteps":16,"altAnim":false,"typeOfSection":0,"sectionNotes":[[110600,2,700],[110600,6,700],[111600,0,0],[111500,1,0],[111700,2,0],[111800,3,0],[111800,7,0],[111700,6,0],[111500,5,0],[111600,4,0]],"bpm":150,"changeBPM":false,"mustHitSection":true},{"lengthInSteps":16,"altAnim":false,"typeOfSection":0,"sectionNotes":[[112900,3,600],[112900,7,600]],"bpm":150,"changeBPM":false,"mustHitSection":true},{"lengthInSteps":16,"altAnim":false,"typeOfSection":0,"sectionNotes":[[114300,0,800],[114300,4,800]],"bpm":150,"changeBPM":false,"mustHitSection":true},{"lengthInSteps":16,"altAnim":false,"typeOfSection":0,"sectionNotes":[[115700,3,600],[115700,7,600],[116400,2,500],[116400,6,500]],"bpm":150,"changeBPM":false,"mustHitSection":true},{"lengthInSteps":16,"altAnim":false,"typeOfSection":0,"sectionNotes":[[117200,1,600],[117200,5,600]],"bpm":150,"changeBPM":false,"mustHitSection":true},{"lengthInSteps":16,"altAnim":false,"typeOfSection":0,"sectionNotes":[[118700,4,700],[118700,0,700],[119500,3,400],[119500,7,400]],"bpm":150,"changeBPM":false,"mustHitSection":true},{"lengthInSteps":16,"altAnim":false,"typeOfSection":0,"sectionNotes":[[120100,0,600],[120100,4,600]],"bpm":150,"changeBPM":false,"mustHitSection":true},{"lengthInSteps":16,"altAnim":false,"typeOfSection":0,"sectionNotes":[[121700,3,700],[121700,7,700],[122400,4,700],[122400,0,700]],"bpm":150,"changeBPM":false,"mustHitSection":true},{"lengthInSteps":16,"altAnim":false,"typeOfSection":0,"sectionNotes":[[123300,2,800],[123300,6,800],[124300,1,400],[124300,5,400]],"bpm":150,"changeBPM":false,"mustHitSection":true},{"lengthInSteps":16,"altAnim":false,"typeOfSection":0,"sectionNotes":[[125700,3,600],[125700,7,600]],"bpm":150,"changeBPM":false,"mustHitSection":true},{"lengthInSteps":16,"altAnim":false,"typeOfSection":0,"sectionNotes":[],"bpm":150,"changeBPM":false,"mustHitSection":true},{"lengthInSteps":16,"altAnim":false,"typeOfSection":0,"sectionNotes":[],"bpm":150,"changeBPM":false,"mustHitSection":true},{"lengthInSteps":16,"altAnim":false,"typeOfSection":0,"sectionNotes":[],"bpm":150,"changeBPM":false,"mustHitSection":true},{"lengthInSteps":16,"altAnim":false,"typeOfSection":0,"sectionNotes":[],"bpm":150,"changeBPM":false,"mustHitSection":true},{"lengthInSteps":16,"altAnim":false,"typeOfSection":0,"sectionNotes":[],"bpm":150,"changeBPM":false,"mustHitSection":true},{"lengthInSteps":16,"altAnim":false,"typeOfSection":0,"sectionNotes":[],"bpm":150,"changeBPM":false,"mustHitSection":true},{"lengthInSteps":16,"altAnim":false,"typeOfSection":0,"sectionNotes":[[136200,3,0],[136400,0,0],[136700,3,0],[137000,0,0],[136200,7,0],[136400,4,0],[136700,7,0],[137000,4,0]],"bpm":150,"changeBPM":false,"mustHitSection":true},{"lengthInSteps":16,"altAnim":false,"typeOfSection":0,"sectionNotes":[[137900,1,0],[138000,2,0],[138100,1,0],[138300,1,0],[138400,2,0],[138500,1,0],[138600,2,0],[137700,1,0],[137800,2,0],[137700,5,0],[137800,6,0],[137900,5,0],[138000,6,0],[138100,5,0],[138200,6,0],[138200,2,0],[138300,5,0],[138400,6,0],[138500,5,0],[138600,6,0],[138800,6,0],[139000,6,0],[139100,5,0],[138900,5,0],[138700,5,0],[138800,2,0],[139000,2,0],[139100,1,0],[138900,1,0],[138700,1,0]],"bpm":150,"changeBPM":false,"mustHitSection":true},{"lengthInSteps":16,"altAnim":false,"typeOfSection":0,"sectionNotes":[],"bpm":150,"changeBPM":false,"mustHitSection":true},{"lengthInSteps":16,"altAnim":false,"typeOfSection":0,"sectionNotes":[],"bpm":150,"changeBPM":false,"mustHitSection":true},{"lengthInSteps":16,"altAnim":false,"typeOfSection":0,"sectionNotes":[[143300,2,600],[143300,6,600]],"bpm":150,"changeBPM":false,"mustHitSection":true},{"lengthInSteps":16,"altAnim":false,"typeOfSection":0,"sectionNotes":[[144500,6,0],[145000,6,0],[145300,6,0],[145300,5,0],[144800,4,0],[144600,5,0],[144300,5,0],[144300,7,0],[144600,7,0],[145000,5,0],[145100,6,0],[145300,7,0],[145400,6,0],[145500,5,0],[144700,6,0],[144600,6,0]],"bpm":150,"changeBPM":false,"mustHitSection":true},{"lengthInSteps":16,"altAnim":false,"typeOfSection":0,"sectionNotes":[[146300,2,0],[146500,2,0],[146600,0,0],[146800,2,0],[147000,3,0],[146300,6,0],[146500,6,0],[146600,4,0],[146800,6,0],[147000,7,0]],"bpm":150,"changeBPM":false,"mustHitSection":true},{"lengthInSteps":16,"altAnim":false,"typeOfSection":0,"sectionNotes":[[147300,2,0],[147400,3,0],[147300,6,0],[147400,7,0],[147700,2,0],[147800,3,0],[147700,6,0],[147800,7,0],[148100,2,0],[148200,3,0],[148100,6,0],[148200,7,0],[148500,2,0],[148600,3,0],[148500,6,0],[148600,7,0]],"bpm":150,"changeBPM":false,"mustHitSection":true},{"lengthInSteps":16,"altAnim":false,"typeOfSection":0,"sectionNotes":[[149300,2,0],[149600,1,0],[149300,6,0],[149600,5,0],[149900,2,400],[149900,6,400]],"bpm":150,"changeBPM":false,"mustHitSection":true},{"lengthInSteps":16,"altAnim":false,"typeOfSection":0,"sectionNotes":[[151000,3,500],[151000,7,500],[151600,0,0],[151700,1,0],[151800,2,0],[151600,4,0],[151700,5,0],[151800,6,0],[151900,7,0],[151900,3,0]],"bpm":150,"changeBPM":false,"mustHitSection":true},{"lengthInSteps":16,"altAnim":false,"typeOfSection":0,"sectionNotes":[[152000,2,0],[152200,2,0],[152400,2,0],[152600,2,0],[152800,2,0],[153000,2,0],[153200,2,0],[153400,2,0],[153400,6,0],[153200,6,0],[153000,6,0],[152800,6,0],[152600,6,0],[152400,6,0],[152200,6,0],[152000,6,0]],"bpm":150,"changeBPM":false,"mustHitSection":true},{"lengthInSteps":16,"altAnim":false,"typeOfSection":0,"sectionNotes":[[153700,1,0],[153900,1,0],[154100,1,0],[154300,1,0],[154500,1,0],[154700,1,0],[153700,5,0],[153900,5,0],[154100,5,0],[154300,5,0],[154500,5,0],[154700,5,0],[154900,1,0],[155100,1,0],[155100,5,0],[154900,5,0]],"bpm":150,"changeBPM":false,"mustHitSection":true},{"lengthInSteps":16,"altAnim":false,"typeOfSection":0,"sectionNotes":[[155200,7,0],[155400,7,0],[155600,7,0],[155800,7,0],[156000,7,0],[156200,7,0],[155200,3,0],[155400,3,0],[155600,3,0],[155800,3,0],[156000,3,0],[156200,3,0],[156400,3,0],[156600,3,0],[156400,7,0],[156600,7,0]],"bpm":150,"changeBPM":false,"mustHitSection":true},{"lengthInSteps":16,"altAnim":false,"typeOfSection":0,"sectionNotes":[[156900,0,0],[157500,0,0],[157700,0,0],[157700,4,0],[157500,4,0],[157300,4,0],[157300,0,0],[157100,4,0],[157100,0,0],[156900,4,0],[158100,4,0],[157900,4,0],[158300,4,0],[158100,0,0],[157900,0,0],[158300,0,0]],"bpm":150,"changeBPM":false,"mustHitSection":true},{"lengthInSteps":16,"altAnim":false,"typeOfSection":0,"sectionNotes":[[158400,6,0],[158600,6,0],[158800,6,0],[159000,4,0],[159200,4,0],[159300,7,0],[159500,7,0],[159700,5,0],[159900,5,0]],"bpm":150,"changeBPM":false,"mustHitSection":true},{"lengthInSteps":16,"altAnim":false,"typeOfSection":0,"sectionNotes":[[160200,5,0],[160400,5,0],[160600,5,0],[160600,2,0],[160400,2,0],[160200,2,0],[160900,7,0],[161100,7,0],[161300,7,0],[160900,0,0],[161100,0,0],[161300,0,0],[161500,2,0],[161500,5,0]],"bpm":150,"changeBPM":false,"mustHitSection":true},{"lengthInSteps":16,"altAnim":false,"typeOfSection":0,"sectionNotes":[[161700,2,0],[161900,3,0],[161700,6,0],[161900,7,0],[162200,2,0],[162400,3,0],[162200,6,0],[162400,7,0],[162700,2,0],[162900,3,0],[162700,6,0],[162900,7,0],[163100,0,0],[163100,4,0],[163000,4,0],[163000,0,0]],"bpm":150,"changeBPM":false,"mustHitSection":true},{"lengthInSteps":16,"altAnim":false,"typeOfSection":0,"sectionNotes":[],"bpm":150,"changeBPM":false,"mustHitSection":true},{"lengthInSteps":16,"altAnim":false,"typeOfSection":0,"sectionNotes":[],"bpm":150,"changeBPM":false,"mustHitSection":true},{"lengthInSteps":16,"altAnim":false,"typeOfSection":0,"sectionNotes":[],"bpm":150,"changeBPM":false,"mustHitSection":true},{"lengthInSteps":16,"altAnim":false,"typeOfSection":0,"sectionNotes":[],"bpm":150,"changeBPM":false,"mustHitSection":true},{"lengthInSteps":16,"altAnim":false,"typeOfSection":0,"sectionNotes":[],"bpm":150,"changeBPM":false,"mustHitSection":true},{"lengthInSteps":16,"altAnim":false,"typeOfSection":0,"sectionNotes":[[171800,2,400],[171800,6,400],[172400,6,200],[172400,2,200]],"bpm":150,"changeBPM":false,"mustHitSection":true},{"lengthInSteps":16,"altAnim":false,"typeOfSection":0,"sectionNotes":[[172900,3,300],[172900,7,300],[173300,0,300],[173300,4,300],[173700,5,300],[173700,1,300],[174100,2,300],[174100,6,300]],"bpm":150,"changeBPM":false,"mustHitSection":true},{"lengthInSteps":16,"altAnim":false,"typeOfSection":0,"sectionNotes":[[174500,7,300],[174500,3,300],[174900,0,300],[174900,4,300],[175300,2,300],[175300,6,300],[175700,1,0],[175800,1,0],[175900,1,0],[175700,5,0],[175800,5,0],[175900,5,0]],"bpm":150,"changeBPM":false,"mustHitSection":true}],"song":"Spookeez","validScore":true,"sections":0,"needsVoices":true,"speed":1,"bpm":150}}