{"notes":[{"typeOfSection":0,"sectionNotes":[],"lengthInSteps":16,"altAnim":false,"bpm":95,"changeBPM":false,"mustHitSection":true},{"typeOfSection":0,"sectionNotes":[],"lengthInSteps":16,"altAnim":false,"bpm":95,"changeBPM":false,"mustHitSection":true},{"typeOfSection":0,"sectionNotes":[],"lengthInSteps":16,"altAnim":false,"bpm":159,"changeBPM":false,"mustHitSection":true},{"typeOfSection":0,"sectionNotes":[],"lengthInSteps":16,"altAnim":false,"bpm":159,"changeBPM":false,"mustHitSection":true},{"typeOfSection":0,"sectionNotes":[],"lengthInSteps":16,"altAnim":false,"bpm":159,"changeBPM":false,"mustHitSection":true},{"typeOfSection":0,"sectionNotes":[],"lengthInSteps":16,"altAnim":false,"bpm":159,"changeBPM":false,"mustHitSection":true},{"typeOfSection":0,"sectionNotes":[],"lengthInSteps":16,"altAnim":false,"bpm":159,"changeBPM":false,"mustHitSection":false},{"typeOfSection":0,"sectionNotes":[],"lengthInSteps":16,"altAnim":false,"bpm":159,"changeBPM":false,"mustHitSection":false},{"typeOfSection":0,"sectionNotes":[],"lengthInSteps":16,"altAnim":false,"bpm":159,"changeBPM":false,"mustHitSection":false},{"typeOfSection":0,"sectionNotes":[],"lengthInSteps":16,"altAnim":false,"bpm":159,"changeBPM":false,"mustHitSection":false},{"typeOfSection":0,"sectionNotes":[],"lengthInSteps":16,"altAnim":false,"bpm":159,"changeBPM":false,"mustHitSection":true},{"typeOfSection":0,"sectionNotes":[],"lengthInSteps":16,"altAnim":false,"bpm":159,"changeBPM":false,"mustHitSection":true},{"typeOfSection":0,"sectionNotes":[],"lengthInSteps":16,"altAnim":false,"bpm":159,"changeBPM":false,"mustHitSection":true},{"typeOfSection":0,"sectionNotes":[],"lengthInSteps":16,"altAnim":false,"bpm":159,"changeBPM":false,"mustHitSection":true},{"typeOfSection":0,"sectionNotes":[],"lengthInSteps":16,"altAnim":false,"bpm":159,"changeBPM":false,"mustHitSection":false},{"typeOfSection":0,"sectionNotes":[],"lengthInSteps":16,"altAnim":false,"bpm":159,"changeBPM":false,"mustHitSection":false},{"typeOfSection":0,"sectionNotes":[[24716.9811320755,2,188.679245283019],[25000,3,283.018867924528],[25377.358490566,0,660.377358490566]],"lengthInSteps":16,"altAnim":false,"bpm":159,"changeBPM":false,"mustHitSection":false},{"typeOfSection":0,"sectionNotes":[],"lengthInSteps":16,"altAnim":false,"bpm":159,"changeBPM":false,"mustHitSection":false},{"typeOfSection":0,"sectionNotes":[[27924.5283018868,2,94.3396226415094],[28113.2075471698,3,94.3396226415094],[28301.8867924528,1,283.018867924528]],"lengthInSteps":16,"altAnim":false,"bpm":159,"changeBPM":false,"mustHitSection":true},{"typeOfSection":0,"sectionNotes":[[28679.2452830189,1,471.698113207547],[29339.6226415094,2,188.679245283019]],"lengthInSteps":16,"altAnim":false,"bpm":159,"changeBPM":false,"mustHitSection":true},{"typeOfSection":0,"sectionNotes":[],"lengthInSteps":16,"altAnim":false,"bpm":159,"changeBPM":false,"mustHitSection":true},{"typeOfSection":0,"sectionNotes":[[31698.1132075472,1,471.698113207547],[32452.8301886792,3,0],[32264.1509433962,2,0],[32735.8490566038,0,377.358490566038]],"lengthInSteps":16,"altAnim":false,"bpm":159,"changeBPM":false,"mustHitSection":true},{"typeOfSection":0,"sectionNotes":[],"lengthInSteps":16,"altAnim":false,"bpm":159,"changeBPM":false,"mustHitSection":false},{"typeOfSection":0,"sectionNotes":[[35000,2,283.018867924528],[35283.0188679245,1,188.679245283019],[35471.6981132076,3,188.679245283019],[35660.3773584906,1,188.679245283019],[35849.0566037736,2,283.018867924528]],"lengthInSteps":16,"altAnim":false,"bpm":159,"changeBPM":false,"mustHitSection":false},{"typeOfSection":0,"sectionNotes":[],"lengthInSteps":16,"altAnim":false,"bpm":159,"changeBPM":false,"mustHitSection":false},{"typeOfSection":0,"sectionNotes":[[38962.2641509434,3,188.679245283019],[38962.2641509434,4,188.679245283019]],"lengthInSteps":16,"altAnim":false,"bpm":159,"changeBPM":false,"mustHitSection":false},{"typeOfSection":0,"sectionNotes":[[39245.2830188679,3,283.018867924528],[39245.2830188679,4,283.018867924528],[39811.320754717,2,283.018867924528],[39811.320754717,6,283.018867924528],[40188.679245283,1,283.018867924528],[40188.679245283,5,283.018867924528],[40471.6981132075,3,188.679245283019],[40471.6981132075,7,188.679245283019]],"lengthInSteps":16,"altAnim":false,"bpm":159,"changeBPM":false,"mustHitSection":true},{"typeOfSection":0,"sectionNotes":[],"lengthInSteps":16,"altAnim":false,"bpm":159,"changeBPM":false,"mustHitSection":true},{"typeOfSection":0,"sectionNotes":[[42264.1509433962,3,283.018867924528],[42264.1509433962,4,283.018867924528],[42641.5094339623,2,188.679245283019],[42641.5094339623,6,188.679245283019],[42924.5283018868,0,283.018867924528],[42924.5283018868,4,283.018867924528],[43396.2264150943,1,283.018867924528],[43396.2264150943,5,283.018867924528]],"lengthInSteps":16,"altAnim":false,"bpm":159,"changeBPM":false,"mustHitSection":true},{"typeOfSection":0,"sectionNotes":[],"lengthInSteps":16,"altAnim":false,"bpm":159,"changeBPM":false,"mustHitSection":true},{"typeOfSection":0,"sectionNotes":[[45660.3773584906,1,283.018867924528],[45943.3962264151,2,188.679245283019],[46226.4150943396,3,377.358490566038],[46226.4150943396,7,377.358490566038],[45943.3962264151,6,188.679245283019],[45660.3773584906,5,283.018867924528]],"lengthInSteps":16,"altAnim":false,"bpm":159,"changeBPM":false,"mustHitSection":false},{"typeOfSection":0,"sectionNotes":[[46792.4528301887,0,471.698113207547],[46792.4528301887,4,471.698113207547]],"lengthInSteps":16,"altAnim":false,"bpm":159,"changeBPM":false,"mustHitSection":false},{"typeOfSection":0,"sectionNotes":[[49339.6226415094,2,283.018867924528],[49339.6226415094,6,283.018867924528]],"lengthInSteps":16,"altAnim":false,"bpm":159,"changeBPM":false,"mustHitSection":false},{"typeOfSection":0,"sectionNotes":[[49905.6603773585,2,188.679245283019],[50283.0188679245,3,94.3396226415094],[50471.6981132075,0,94.3396226415094],[50660.3773584906,2,94.3396226415094],[50849.0566037736,1,94.3396226415094],[50943.3962264151,3,94.3396226415094]],"lengthInSteps":16,"altAnim":false,"bpm":159,"changeBPM":false,"mustHitSection":false},{"typeOfSection":0,"sectionNotes":[[51415.0943396226,0,377.358490566038],[51886.7924528302,5,283.018867924528],[52358.4905660377,7,188.679245283019]],"lengthInSteps":16,"altAnim":false,"bpm":159,"changeBPM":false,"mustHitSection":true},{"typeOfSection":0,"sectionNotes":[[52924.5283018868,5,188.679245283019],[53301.8867924528,5,94.3396226415094],[53679.2452830189,6,94.3396226415094],[53490.5660377359,7,94.3396226415094],[53773.5849056604,5,94.3396226415094],[53962.2641509434,6,283.018867924528]],"lengthInSteps":16,"altAnim":false,"bpm":159,"changeBPM":false,"mustHitSection":true},{"typeOfSection":0,"sectionNotes":[[54339.6226415094,2,377.358490566038],[54339.6226415094,6,377.358490566038],[55188.679245283,3,566.037735849057],[55188.679245283,7,566.037735849057]],"lengthInSteps":16,"altAnim":false,"bpm":159,"changeBPM":false,"mustHitSection":true},{"typeOfSection":0,"sectionNotes":[[56226.4150943396,0,377.358490566038],[56226.4150943396,4,377.358490566038],[56792.4528301887,6,471.698113207547],[56792.4528301887,2,471.698113207547]],"lengthInSteps":16,"altAnim":false,"bpm":159,"changeBPM":false,"mustHitSection":true},{"typeOfSection":0,"sectionNotes":[[57358.4905660377,2,566.037735849057],[57358.4905660377,6,566.037735849057],[58018.8679245283,3,754.716981132075],[58018.8679245283,7,754.716981132075]],"lengthInSteps":16,"altAnim":false,"bpm":159,"changeBPM":false,"mustHitSection":false},{"typeOfSection":0,"sectionNotes":[[58867.9245283019,0,849.056603773585],[58867.9245283019,4,849.056603773585],[59811.320754717,1,94.3396226415094],[60000,2,94.3396226415094],[60188.679245283,3,94.3396226415094],[60188.679245283,7,94.3396226415094],[60000,6,94.3396226415094],[59811.320754717,5,94.3396226415094]],"lengthInSteps":16,"altAnim":false,"bpm":159,"changeBPM":false,"mustHitSection":false},{"typeOfSection":0,"sectionNotes":[[60377.358490566,3,377.358490566038],[60377.358490566,4,377.358490566038]],"lengthInSteps":16,"altAnim":false,"bpm":159,"changeBPM":false,"mustHitSection":true},{"typeOfSection":0,"sectionNotes":[[61886.7924528302,3,188.679245283019],[61886.7924528302,4,188.679245283019]],"lengthInSteps":16,"altAnim":false,"bpm":159,"changeBPM":false,"mustHitSection":true},{"typeOfSection":0,"sectionNotes":[[64245.2830188679,0,0],[64339.6226415094,3,0],[64433.9622641509,0,0],[64528.3018867924,3,0],[64622.641509434,0,0],[64716.9811320755,3,0],[64811.320754717,0,0],[64811.320754717,7,0],[64716.9811320755,4,0],[64622.641509434,7,0],[64528.3018867924,4,0],[64433.9622641509,7,0],[64339.6226415094,4,0],[64245.2830188679,7,0]],"lengthInSteps":16,"altAnim":false,"bpm":159,"changeBPM":false,"mustHitSection":false},{"typeOfSection":0,"sectionNotes":[[65943.3962264151,6,377.358490566038]],"lengthInSteps":16,"altAnim":false,"bpm":159,"changeBPM":false,"mustHitSection":true},{"typeOfSection":0,"sectionNotes":[[66415.0943396227,4,377.358490566038],[66792.4528301887,7,377.358490566038],[67264.1509433962,6,377.358490566038]],"lengthInSteps":16,"altAnim":false,"bpm":159,"changeBPM":false,"mustHitSection":true},{"typeOfSection":0,"sectionNotes":[],"lengthInSteps":16,"altAnim":false,"bpm":159,"changeBPM":false,"mustHitSection":true},{"typeOfSection":0,"sectionNotes":[[69433.9622641509,1,283.018867924528],[69811.320754717,3,283.018867924528],[70000,2,377.358490566038],[70566.0377358491,2,0],[70660.3773584906,3,188.679245283019]],"lengthInSteps":16,"altAnim":false,"bpm":159,"changeBPM":false,"mustHitSection":false},{"typeOfSection":0,"sectionNotes":[],"lengthInSteps":16,"altAnim":false,"bpm":159,"changeBPM":false,"mustHitSection":false},{"typeOfSection":0,"sectionNotes":[[73113.2075471698,2,188.679245283019],[73396.2264150943,1,188.679245283019],[73584.9056603774,3,94.3396226415094],[73679.2452830189,0,94.3396226415094],[73773.5849056604,2,94.3396226415094]],"lengthInSteps":16,"altAnim":false,"bpm":159,"changeBPM":false,"mustHitSection":false},{"typeOfSection":0,"sectionNotes":[[73962.2641509434,2,283.018867924528]],"lengthInSteps":16,"altAnim":false,"bpm":159,"changeBPM":false,"mustHitSection":false},{"typeOfSection":0,"sectionNotes":[[76509.4339622642,1,0],[76603.7735849057,2,0],[76509.4339622642,5,0],[76603.7735849057,6,0],[76698.1132075472,6,188.679245283019],[76698.1132075472,2,188.679245283019]],"lengthInSteps":16,"altAnim":false,"bpm":159,"changeBPM":false,"mustHitSection":true},{"typeOfSection":0,"sectionNotes":[[77358.4905660377,2,0],[77358.4905660377,6,0],[77452.8301886792,7,283.018867924528],[77452.8301886792,3,283.018867924528]],"lengthInSteps":16,"altAnim":false,"bpm":159,"changeBPM":false,"mustHitSection":true},{"typeOfSection":0,"sectionNotes":[],"lengthInSteps":16,"altAnim":false,"bpm":159,"changeBPM":false,"mustHitSection":true},{"typeOfSection":0,"sectionNotes":[[80000,2,377.358490566038],[80000,6,377.358490566038],[80471.6981132075,0,377.358490566038],[80471.6981132075,4,377.358490566038],[80943.3962264151,3,471.698113207547],[80943.3962264151,7,471.698113207547]],"lengthInSteps":16,"altAnim":false,"bpm":159,"changeBPM":false,"mustHitSection":true},{"typeOfSection":0,"sectionNotes":[[81509.4339622642,0,377.358490566038],[81509.4339622642,4,377.358490566038],[82075.4716981132,6,188.679245283019],[82075.4716981132,2,188.679245283019],[82358.4905660377,3,188.679245283019],[82358.4905660377,7,188.679245283019],[82641.5094339623,0,188.679245283019],[82830.1886792453,3,94.3396226415094],[82830.1886792453,7,94.3396226415094],[82641.5094339623,4,188.679245283019]],"lengthInSteps":16,"altAnim":false,"bpm":159,"changeBPM":false,"mustHitSection":false},{"typeOfSection":0,"sectionNotes":[[83584.9056603773,1,377.358490566038],[83584.9056603773,5,377.358490566038],[84056.6037735849,6,188.679245283019],[84056.6037735849,2,188.679245283019],[84339.6226415094,7,94.3396226415094],[84339.6226415094,3,94.3396226415094]],"lengthInSteps":16,"altAnim":false,"bpm":159,"changeBPM":false,"mustHitSection":true},{"typeOfSection":0,"sectionNotes":[[84622.641509434,0,566.037735849057],[84622.641509434,4,566.037735849057]],"lengthInSteps":16,"altAnim":false,"bpm":159,"changeBPM":false,"mustHitSection":false},{"typeOfSection":0,"sectionNotes":[[87075.4716981132,2,283.018867924528],[87358.4905660377,3,377.358490566038]],"lengthInSteps":16,"altAnim":false,"bpm":159,"changeBPM":false,"mustHitSection":true},{"typeOfSection":0,"sectionNotes":[[88679.2452830189,1,0],[88301.8867924528,1,0],[88301.8867924528,1,0],[88396.2264150943,1,0],[88490.5660377358,1,0],[88584.9056603773,1,0],[88679.2452830189,5,0],[88584.9056603773,5,0],[88490.5660377358,5,0],[88396.2264150943,5,0],[88301.8867924528,5,0],[87924.5283018868,4,283.018867924528],[87924.5283018868,0,283.018867924528]],"lengthInSteps":16,"altAnim":false,"bpm":159,"changeBPM":false,"mustHitSection":false},{"typeOfSection":0,"sectionNotes":[[89056.6037735849,2,283.018867924528],[89056.6037735849,6,283.018867924528],[89433.9622641509,3,283.018867924528],[89433.9622641509,7,283.018867924528],[89811.320754717,0,283.018867924528],[89811.320754717,4,283.018867924528],[90188.679245283,1,283.018867924528],[90188.679245283,5,283.018867924528]],"lengthInSteps":16,"altAnim":false,"bpm":159,"changeBPM":false,"mustHitSection":false},{"typeOfSection":0,"sectionNotes":[[90566.0377358491,2,377.358490566038],[90566.0377358491,6,377.358490566038],[91037.7358490566,7,283.018867924528],[91037.7358490566,3,283.018867924528],[91415.0943396227,1,566.037735849057],[91415.0943396227,5,566.037735849057]],"lengthInSteps":16,"altAnim":false,"bpm":159,"changeBPM":false,"mustHitSection":false},{"typeOfSection":0,"sectionNotes":[[92075.4716981132,2,471.698113207547],[92075.4716981132,6,471.698113207547],[92735.8490566038,4,754.716981132075],[92735.8490566038,3,754.716981132075]],"lengthInSteps":16,"altAnim":false,"bpm":159,"changeBPM":false,"mustHitSection":true},{"typeOfSection":0,"sectionNotes":[[93679.2452830189,2,94.3396226415094],[93962.2641509434,3,94.3396226415094],[94245.2830188679,2,94.3396226415094],[94056.6037735849,1,94.3396226415094],[94245.2830188679,6,94.3396226415094],[94056.6037735849,5,94.3396226415094],[93962.2641509434,7,94.3396226415094],[93679.2452830189,6,94.3396226415094],[94433.9622641509,6,188.679245283019],[94433.9622641509,2,188.679245283019],[94716.9811320755,3,377.358490566038],[94716.9811320755,7,377.358490566038]],"lengthInSteps":16,"altAnim":false,"bpm":159,"changeBPM":false,"mustHitSection":false},{"typeOfSection":0,"sectionNotes":[[95566.0377358491,2,188.679245283019],[95849.0566037736,3,188.679245283019],[95849.0566037736,7,188.679245283019],[95566.0377358491,6,188.679245283019]],"lengthInSteps":16,"altAnim":false,"bpm":159,"changeBPM":false,"mustHitSection":true},{"typeOfSection":0,"sectionNotes":[[96603.7735849057,0,377.358490566038],[96603.7735849057,4,377.358490566038],[97452.8301886792,7,283.018867924528],[97452.8301886792,3,283.018867924528]],"lengthInSteps":16,"altAnim":false,"bpm":159,"changeBPM":false,"mustHitSection":true},{"typeOfSection":0,"sectionNotes":[[98113.2075471698,2,471.698113207547],[98113.2075471698,6,471.698113207547],[98679.2452830189,2,471.698113207547],[98679.2452830189,6,471.698113207547],[99245.2830188679,2,283.018867924528],[99245.2830188679,6,283.018867924528]],"lengthInSteps":16,"altAnim":false,"bpm":159,"changeBPM":false,"mustHitSection":false},{"typeOfSection":0,"sectionNotes":[[99622.641509434,2,471.698113207547],[99622.641509434,6,471.698113207547],[100188.679245283,7,471.698113207547],[100188.679245283,0,471.698113207547],[100754.716981132,4,283.018867924528],[100754.716981132,3,283.018867924528]],"lengthInSteps":16,"altAnim":false,"bpm":159,"changeBPM":false,"mustHitSection":false},{"typeOfSection":0,"sectionNotes":[[101132.075471698,6,660.377358490566],[101132.075471698,2,660.377358490566],[101886.79245283,4,660.377358490566],[101886.79245283,3,660.377358490566]],"lengthInSteps":16,"altAnim":false,"bpm":159,"changeBPM":false,"mustHitSection":true},{"typeOfSection":0,"sectionNotes":[[102641.509433962,1,377.358490566038],[102641.509433962,5,377.358490566038],[103301.886792453,6,0],[103396.226415094,7,0],[103490.566037736,6,0],[103584.905660377,7,0],[103679.245283019,6,0],[103773.58490566,7,0],[103301.886792453,0,0],[103396.226415094,1,0],[103490.566037736,0,0],[103584.905660377,1,0],[103679.245283019,0,0],[103773.58490566,1,0],[103867.924528302,6,0],[103962.264150943,7,0],[103867.924528302,0,0],[103962.264150943,1,0]],"lengthInSteps":16,"altAnim":false,"bpm":159,"changeBPM":false,"mustHitSection":false},{"typeOfSection":0,"sectionNotes":[[104150.943396226,6,0],[104245.283018868,7,0],[104339.622641509,6,0],[104433.962264151,7,0],[104245.283018868,0,0],[104150.943396226,1,0],[104433.962264151,0,0],[104339.622641509,1,0],[104622.641509434,1,188.679245283019],[104622.641509434,5,188.679245283019],[104905.660377358,2,188.679245283019],[104905.660377358,6,188.679245283019],[105188.679245283,3,188.679245283019],[105188.679245283,7,188.679245283019],[105471.698113208,0,94.3396226415094],[105471.698113208,4,94.3396226415094]],"lengthInSteps":16,"altAnim":false,"bpm":159,"changeBPM":false,"mustHitSection":false},{"typeOfSection":0,"sectionNotes":[[105660.377358491,2,471.698113207547],[105660.377358491,6,471.698113207547],[106509.433962264,2,0],[106603.773584906,3,0],[106698.113207547,2,0],[106792.452830189,3,0],[106886.79245283,2,0],[106981.132075472,3,0],[106509.433962264,4,0],[106603.773584906,5,0],[106698.113207547,4,0],[106792.452830189,5,0],[106886.79245283,4,0],[106981.132075472,5,0]],"lengthInSteps":16,"altAnim":false,"bpm":159,"changeBPM":false,"mustHitSection":false},{"typeOfSection":0,"sectionNotes":[[107169.811320755,2,0],[107264.150943396,3,0],[107358.490566038,2,0],[107452.830188679,3,0],[107169.811320755,4,0],[107264.150943396,5,0],[107358.490566038,4,0],[107452.830188679,5,0],[107547.169811321,2,0],[107547.169811321,4,0],[107641.509433962,5,0],[107641.509433962,3,0],[107735.849056604,3,849.056603773585],[107735.849056604,4,849.056603773585]],"lengthInSteps":16,"altAnim":false,"bpm":159,"changeBPM":false,"mustHitSection":false},{"typeOfSection":0,"sectionNotes":[[108679.245283019,1,283.018867924528],[108679.245283019,5,283.018867924528],[109339.622641509,6,0],[109433.962264151,7,0],[109528.301886792,4,0],[109622.641509434,5,0],[109716.981132075,6,0],[109811.320754717,7,0],[110000,5,0],[109905.660377358,4,0],[109905.660377358,2,0],[110000,3,0],[109716.981132075,0,0],[109811.320754717,1,0],[109528.301886792,2,0],[109622.641509434,3,0],[109339.622641509,0,0],[109433.962264151,1,0]],"lengthInSteps":16,"altAnim":false,"bpm":159,"changeBPM":false,"mustHitSection":true},{"typeOfSection":0,"sectionNotes":[[110283.018867925,3,283.018867924528],[110283.018867925,7,283.018867924528],[110660.377358491,1,188.679245283019],[110660.377358491,5,188.679245283019],[110943.396226415,2,283.018867924528],[110943.396226415,6,283.018867924528],[111320.754716981,6,283.018867924528],[111320.754716981,2,283.018867924528]],"lengthInSteps":16,"altAnim":false,"bpm":159,"changeBPM":false,"mustHitSection":true},{"typeOfSection":0,"sectionNotes":[[111698.113207547,7,754.716981132075],[111698.113207547,3,754.716981132075],[112547.169811321,0,566.037735849057],[112547.169811321,4,566.037735849057]],"lengthInSteps":16,"altAnim":false,"bpm":159,"changeBPM":false,"mustHitSection":false},{"typeOfSection":0,"sectionNotes":[[113207.547169811,2,471.698113207547],[113207.547169811,6,471.698113207547],[113773.58490566,1,471.698113207547],[113773.58490566,5,471.698113207547],[114339.622641509,2,283.018867924528],[114339.622641509,6,283.018867924528]],"lengthInSteps":16,"altAnim":false,"bpm":159,"changeBPM":false,"mustHitSection":true},{"typeOfSection":0,"sectionNotes":[[114716.981132075,6,566.037735849057],[114716.981132075,2,566.037735849057],[115377.358490566,6,0],[115471.698113208,5,0],[115566.037735849,6,0],[115660.377358491,5,0],[115377.358490566,2,0],[115471.698113208,1,0],[115566.037735849,2,0],[115660.377358491,1,0],[115754.716981132,2,0],[115849.056603774,1,0],[115943.396226415,2,0],[116132.075471698,2,0],[116132.075471698,6,0],[116037.735849057,1,0],[116037.735849057,5,0],[115943.396226415,6,0],[115849.056603774,5,0],[115754.716981132,6,0]],"lengthInSteps":16,"altAnim":false,"bpm":159,"changeBPM":false,"mustHitSection":false},{"typeOfSection":0,"sectionNotes":[[116226.41509434,5,0],[116320.754716981,6,0],[116415.094339623,5,0],[116509.433962264,6,0],[116603.773584906,5,0],[116698.113207547,6,0],[116792.452830189,5,0],[116886.79245283,6,0],[116981.132075472,5,0],[117075.471698113,6,0],[117169.811320755,5,0],[117264.150943396,6,0],[117358.490566038,5,0],[117452.830188679,6,0],[117547.169811321,5,0],[117641.509433962,6,0],[117641.509433962,2,0],[117547.169811321,1,0],[117452.830188679,2,0],[117358.490566038,1,0],[117264.150943396,2,0],[117169.811320755,1,0],[117075.471698113,2,0],[116981.132075472,1,0],[116886.79245283,2,0],[116792.452830189,1,0],[116698.113207547,2,0],[116603.773584906,1,0],[116509.433962264,2,0],[116415.094339623,1,0],[116320.754716981,2,0],[116226.41509434,1,0]],"lengthInSteps":16,"altAnim":false,"bpm":159,"changeBPM":false,"mustHitSection":true},{"typeOfSection":0,"sectionNotes":[[117735.849056604,1,0],[117735.849056604,5,0],[117830.188679245,2,0],[117924.528301887,1,0],[117830.188679245,6,0],[117924.528301887,5,0],[118018.867924528,6,0],[118113.20754717,5,0],[118207.547169811,6,0],[118018.867924528,2,0],[118113.20754717,1,0],[118207.547169811,2,0],[118301.886792453,1,0],[118396.226415094,2,0],[118396.226415094,6,0],[118301.886792453,5,0],[118490.566037736,5,0],[118584.905660377,6,0],[118490.566037736,1,0],[118584.905660377,2,0],[118679.245283019,1,0],[118773.58490566,2,0],[118867.924528302,1,0],[118962.264150943,2,0],[119056.603773585,1,0],[119150.943396226,2,0],[119150.943396226,6,0],[119056.603773585,5,0],[118962.264150943,6,0],[118867.924528302,5,0],[118773.58490566,6,0],[118679.245283019,5,0]],"lengthInSteps":16,"altAnim":false,"bpm":159,"changeBPM":false,"mustHitSection":false},{"typeOfSection":0,"sectionNotes":[[119245.283018868,1,0],[119339.622641509,2,0],[119433.962264151,1,0],[119528.301886792,2,0],[119622.641509434,1,0],[119716.981132075,2,0],[119811.320754717,1,0],[119905.660377358,2,0],[120000,1,0],[120094.339622642,2,0],[120188.679245283,1,0],[120283.018867925,2,0],[120377.358490566,1,0],[120471.698113208,2,0],[120566.037735849,1,0],[120660.377358491,2,0],[120660.377358491,6,0],[120471.698113208,6,0],[120283.018867925,6,0],[120094.339622642,6,0],[119905.660377358,6,0],[119716.981132075,6,0],[119528.301886792,6,0],[119339.622641509,6,0],[119433.962264151,5,0],[119245.283018868,5,0],[119622.641509434,5,0],[119811.320754717,5,0],[120000,5,0],[120188.679245283,5,0],[120377.358490566,5,0],[120566.037735849,5,0]],"lengthInSteps":16,"altAnim":false,"bpm":159,"changeBPM":false,"mustHitSection":false},{"typeOfSection":0,"sectionNotes":[[120754.716981132,1,0],[120849.056603774,2,0],[120943.396226415,1,0],[121037.735849057,2,0],[121132.075471698,1,0],[121226.41509434,2,0],[121320.754716981,1,0],[121415.094339623,2,0],[121509.433962264,1,0],[121509.433962264,5,0],[121415.094339623,6,0],[121320.754716981,5,0],[121226.41509434,6,0],[121132.075471698,5,0],[121037.735849057,6,0],[120943.396226415,5,0],[120849.056603774,6,0],[120754.716981132,5,0],[121603.773584906,2,566.037735849057],[121603.773584906,6,566.037735849057]],"lengthInSteps":16,"altAnim":false,"bpm":159,"changeBPM":false,"mustHitSection":true},{"typeOfSection":0,"sectionNotes":[[122264.150943396,3,566.037735849057],[122264.150943396,7,566.037735849057],[122924.528301887,0,754.716981132075],[122924.528301887,4,754.716981132075]],"lengthInSteps":16,"altAnim":false,"bpm":159,"changeBPM":false,"mustHitSection":true},{"typeOfSection":0,"sectionNotes":[[123773.58490566,1,660.377358490566],[123773.58490566,5,660.377358490566],[124528.301886792,2,660.377358490566],[124528.301886792,6,660.377358490566]],"lengthInSteps":16,"altAnim":false,"bpm":159,"changeBPM":false,"mustHitSection":false},{"typeOfSection":0,"sectionNotes":[[125283.018867925,2,0],[125377.358490566,3,0],[125471.698113208,2,0],[125566.037735849,3,0],[125660.377358491,2,0],[125754.716981132,3,0],[125849.056603774,2,0],[125943.396226415,3,0],[125849.056603774,6,0],[125943.396226415,7,0],[125660.377358491,6,0],[125754.716981132,7,0],[125471.698113208,6,0],[125566.037735849,7,0],[125283.018867925,6,0],[125377.358490566,7,0],[126037.735849057,0,0],[126132.075471698,1,0],[126226.41509434,0,0],[126320.754716981,1,0],[126415.094339623,0,0],[126509.433962264,1,0],[126603.773584906,0,0],[126698.113207547,1,0],[126698.113207547,5,0],[126603.773584906,4,0],[126509.433962264,5,0],[126415.094339623,4,0],[126320.754716981,5,0],[126226.41509434,4,0],[126132.075471698,5,0],[126037.735849057,4,0]],"lengthInSteps":16,"altAnim":false,"bpm":159,"changeBPM":false,"mustHitSection":true},{"typeOfSection":0,"sectionNotes":[[126792.452830189,0,0],[126886.79245283,3,0],[126981.132075472,0,0],[127075.471698113,3,0],[127169.811320755,0,0],[127358.490566038,0,0],[127264.150943396,3,0],[127358.490566038,7,0],[127264.150943396,4,0],[127169.811320755,7,0],[127075.471698113,4,0],[126981.132075472,7,0],[126886.79245283,4,0],[126792.452830189,7,0],[127452.830188679,2,283.018867924528],[127452.830188679,6,283.018867924528],[127830.188679245,5,188.679245283019],[127830.188679245,1,188.679245283019],[128113.20754717,2,94.3396226415094],[128113.20754717,6,94.3396226415094]],"lengthInSteps":16,"altAnim":false,"bpm":159,"changeBPM":false,"mustHitSection":true},{"typeOfSection":0,"sectionNotes":[[128301.886792453,3,471.698113207547],[128301.886792453,4,471.698113207547],[128867.924528302,0,377.358490566038],[128867.924528302,7,377.358490566038],[129339.622641509,2,377.358490566038],[129339.622641509,6,377.358490566038]],"lengthInSteps":16,"altAnim":false,"bpm":159,"changeBPM":false,"mustHitSection":true},{"typeOfSection":0,"sectionNotes":[[129905.660377358,0,471.698113207547],[129905.660377358,4,471.698113207547],[130471.698113208,3,377.358490566038],[130471.698113208,7,377.358490566038],[130943.396226415,1,283.018867924528],[130943.396226415,5,283.018867924528]],"lengthInSteps":16,"altAnim":false,"bpm":159,"changeBPM":false,"mustHitSection":true},{"typeOfSection":0,"sectionNotes":[[131320.754716981,6,471.698113207547],[131320.754716981,2,471.698113207547],[131886.79245283,3,377.358490566038],[131886.79245283,7,377.358490566038],[132358.490566038,0,377.358490566038],[132358.490566038,4,377.358490566038]],"lengthInSteps":16,"altAnim":false,"bpm":159,"changeBPM":false,"mustHitSection":true},{"typeOfSection":0,"sectionNotes":[[132830.188679245,2,1415.09433962264],[132830.188679245,6,1415.09433962264]],"lengthInSteps":16,"altAnim":false,"bpm":159,"changeBPM":false,"mustHitSection":true},{"typeOfSection":0,"sectionNotes":[],"lengthInSteps":16,"altAnim":false,"bpm":159,"changeBPM":false,"mustHitSection":true},{"typeOfSection":0,"sectionNotes":[],"lengthInSteps":16,"altAnim":false,"bpm":159,"changeBPM":false,"mustHitSection":true},{"lengthInSteps":16,"altAnim":false,"typeOfSection":0,"sectionNotes":[],"bpm":159,"changeBPM":false,"mustHitSection":true}],"sections":92,"bpm":159,"song":{"sectionLengths":[],"player1":"bf-christmas","player2":"monster-christmas","notes":[{"typeOfSection":0,"sectionNotes":[],"lengthInSteps":16,"altAnim":false,"bpm":95,"changeBPM":false,"mustHitSection":true},{"typeOfSection":0,"sectionNotes":[],"lengthInSteps":16,"altAnim":false,"bpm":95,"changeBPM":false,"mustHitSection":true},{"typeOfSection":0,"sectionNotes":[],"lengthInSteps":16,"altAnim":false,"bpm":159,"changeBPM":false,"mustHitSection":true},{"typeOfSection":0,"sectionNotes":[],"lengthInSteps":16,"altAnim":false,"bpm":159,"changeBPM":false,"mustHitSection":true},{"typeOfSection":0,"sectionNotes":[],"lengthInSteps":16,"altAnim":false,"bpm":159,"changeBPM":false,"mustHitSection":true},{"typeOfSection":0,"sectionNotes":[],"lengthInSteps":16,"altAnim":false,"bpm":159,"changeBPM":false,"mustHitSection":true},{"typeOfSection":0,"sectionNotes":[],"lengthInSteps":16,"altAnim":false,"bpm":159,"changeBPM":false,"mustHitSection":false},{"typeOfSection":0,"sectionNotes":[],"lengthInSteps":16,"altAnim":false,"bpm":159,"changeBPM":false,"mustHitSection":false},{"typeOfSection":0,"sectionNotes":[],"lengthInSteps":16,"altAnim":false,"bpm":159,"changeBPM":false,"mustHitSection":false},{"typeOfSection":0,"sectionNotes":[],"lengthInSteps":16,"altAnim":false,"bpm":159,"changeBPM":false,"mustHitSection":false},{"typeOfSection":0,"sectionNotes":[],"lengthInSteps":16,"altAnim":false,"bpm":159,"changeBPM":false,"mustHitSection":true},{"typeOfSection":0,"sectionNotes":[],"lengthInSteps":16,"altAnim":false,"bpm":159,"changeBPM":false,"mustHitSection":true},{"typeOfSection":0,"sectionNotes":[],"lengthInSteps":16,"altAnim":false,"bpm":159,"changeBPM":false,"mustHitSection":true},{"typeOfSection":0,"sectionNotes":[],"lengthInSteps":16,"altAnim":false,"bpm":159,"changeBPM":false,"mustHitSection":true},{"typeOfSection":0,"sectionNotes":[],"lengthInSteps":16,"altAnim":false,"bpm":159,"changeBPM":false,"mustHitSection":false},{"typeOfSection":0,"sectionNotes":[],"lengthInSteps":16,"altAnim":false,"bpm":159,"changeBPM":false,"mustHitSection":false},{"typeOfSection":0,"sectionNotes":[[24716.9811320755,2,188.679245283019],[25000,3,283.018867924528],[25377.358490566,0,660.377358490566]],"lengthInSteps":16,"altAnim":false,"bpm":159,"changeBPM":false,"mustHitSection":false},{"typeOfSection":0,"sectionNotes":[],"lengthInSteps":16,"altAnim":false,"bpm":159,"changeBPM":false,"mustHitSection":false},{"typeOfSection":0,"sectionNotes":[[27924.5283018868,2,94.3396226415094],[28113.2075471698,3,94.3396226415094],[28301.8867924528,1,283.018867924528]],"lengthInSteps":16,"altAnim":false,"bpm":159,"changeBPM":false,"mustHitSection":true},{"typeOfSection":0,"sectionNotes":[[28679.2452830189,1,471.698113207547],[29339.6226415094,2,188.679245283019]],"lengthInSteps":16,"altAnim":false,"bpm":159,"changeBPM":false,"mustHitSection":true},{"typeOfSection":0,"sectionNotes":[],"lengthInSteps":16,"altAnim":false,"bpm":159,"changeBPM":false,"mustHitSection":true},{"typeOfSection":0,"sectionNotes":[[31698.1132075472,1,471.698113207547],[32452.8301886792,3,0],[32264.1509433962,2,0],[32735.8490566038,0,377.358490566038]],"lengthInSteps":16,"altAnim":false,"bpm":159,"changeBPM":false,"mustHitSection":true},{"typeOfSection":0,"sectionNotes":[],"lengthInSteps":16,"altAnim":false,"bpm":159,"changeBPM":false,"mustHitSection":false},{"typeOfSection":0,"sectionNotes":[[35000,2,283.018867924528],[35283.0188679245,1,188.679245283019],[35471.6981132076,3,188.679245283019],[35660.3773584906,1,188.679245283019],[35849.0566037736,2,283.018867924528]],"lengthInSteps":16,"altAnim":false,"bpm":159,"changeBPM":false,"mustHitSection":false},{"typeOfSection":0,"sectionNotes":[],"lengthInSteps":16,"altAnim":false,"bpm":159,"changeBPM":false,"mustHitSection":false},{"typeOfSection":0,"sectionNotes":[[38962.2641509434,3,188.679245283019],[38962.2641509434,4,188.679245283019]],"lengthInSteps":16,"altAnim":false,"bpm":159,"changeBPM":false,"mustHitSection":false},{"typeOfSection":0,"sectionNotes":[[39245.2830188679,3,283.018867924528],[39245.2830188679,4,283.018867924528],[39811.320754717,2,283.018867924528],[39811.320754717,6,283.018867924528],[40188.679245283,1,283.018867924528],[40188.679245283,5,283.018867924528],[40471.6981132075,3,188.679245283019],[40471.6981132075,7,188.679245283019]],"lengthInSteps":16,"altAnim":false,"bpm":159,"changeBPM":false,"mustHitSection":true},{"typeOfSection":0,"sectionNotes":[],"lengthInSteps":16,"altAnim":false,"bpm":159,"changeBPM":false,"mustHitSection":true},{"typeOfSection":0,"sectionNotes":[[42264.1509433962,3,283.018867924528],[42264.1509433962,4,283.018867924528],[42641.5094339623,2,188.679245283019],[42641.5094339623,6,188.679245283019],[42924.5283018868,0,283.018867924528],[42924.5283018868,4,283.018867924528],[43396.2264150943,1,283.018867924528],[43396.2264150943,5,283.018867924528]],"lengthInSteps":16,"altAnim":false,"bpm":159,"changeBPM":false,"mustHitSection":true},{"typeOfSection":0,"sectionNotes":[],"lengthInSteps":16,"altAnim":false,"bpm":159,"changeBPM":false,"mustHitSection":true},{"typeOfSection":0,"sectionNotes":[[45660.3773584906,1,283.018867924528],[45943.3962264151,2,188.679245283019],[46226.4150943396,3,377.358490566038],[46226.4150943396,7,377.358490566038],[45943.3962264151,6,188.679245283019],[45660.3773584906,5,283.018867924528]],"lengthInSteps":16,"altAnim":false,"bpm":159,"changeBPM":false,"mustHitSection":false},{"typeOfSection":0,"sectionNotes":[[46792.4528301887,0,471.698113207547],[46792.4528301887,4,471.698113207547]],"lengthInSteps":16,"altAnim":false,"bpm":159,"changeBPM":false,"mustHitSection":false},{"typeOfSection":0,"sectionNotes":[[49339.6226415094,2,283.018867924528],[49339.6226415094,6,283.018867924528]],"lengthInSteps":16,"altAnim":false,"bpm":159,"changeBPM":false,"mustHitSection":false},{"typeOfSection":0,"sectionNotes":[[49905.6603773585,2,188.679245283019],[50283.0188679245,3,94.3396226415094],[50471.6981132075,0,94.3396226415094],[50660.3773584906,2,94.3396226415094],[50849.0566037736,1,94.3396226415094],[50943.3962264151,3,94.3396226415094]],"lengthInSteps":16,"altAnim":false,"bpm":159,"changeBPM":false,"mustHitSection":false},{"typeOfSection":0,"sectionNotes":[[51415.0943396226,0,377.358490566038],[51886.7924528302,5,283.018867924528],[52358.4905660377,7,188.679245283019]],"lengthInSteps":16,"altAnim":false,"bpm":159,"changeBPM":false,"mustHitSection":true},{"typeOfSection":0,"sectionNotes":[[52924.5283018868,5,188.679245283019],[53301.8867924528,5,94.3396226415094],[53679.2452830189,6,94.3396226415094],[53490.5660377359,7,94.3396226415094],[53773.5849056604,5,94.3396226415094],[53962.2641509434,6,283.018867924528]],"lengthInSteps":16,"altAnim":false,"bpm":159,"changeBPM":false,"mustHitSection":true},{"typeOfSection":0,"sectionNotes":[[54339.6226415094,2,377.358490566038],[54339.6226415094,6,377.358490566038],[55188.679245283,3,566.037735849057],[55188.679245283,7,566.037735849057]],"lengthInSteps":16,"altAnim":false,"bpm":159,"changeBPM":false,"mustHitSection":true},{"typeOfSection":0,"sectionNotes":[[56226.4150943396,0,377.358490566038],[56226.4150943396,4,377.358490566038],[56792.4528301887,6,471.698113207547],[56792.4528301887,2,471.698113207547]],"lengthInSteps":16,"altAnim":false,"bpm":159,"changeBPM":false,"mustHitSection":true},{"typeOfSection":0,"sectionNotes":[[57358.4905660377,2,566.037735849057],[57358.4905660377,6,566.037735849057],[58018.8679245283,3,754.716981132075],[58018.8679245283,7,754.716981132075]],"lengthInSteps":16,"altAnim":false,"bpm":159,"changeBPM":false,"mustHitSection":false},{"typeOfSection":0,"sectionNotes":[[58867.9245283019,0,849.056603773585],[58867.9245283019,4,849.056603773585],[59811.320754717,1,94.3396226415094],[60000,2,94.3396226415094],[60188.679245283,3,94.3396226415094],[60188.679245283,7,94.3396226415094],[60000,6,94.3396226415094],[59811.320754717,5,94.3396226415094]],"lengthInSteps":16,"altAnim":false,"bpm":159,"changeBPM":false,"mustHitSection":false},{"typeOfSection":0,"sectionNotes":[[60377.358490566,3,377.358490566038],[60377.358490566,4,377.358490566038]],"lengthInSteps":16,"altAnim":false,"bpm":159,"changeBPM":false,"mustHitSection":true},{"typeOfSection":0,"sectionNotes":[[61886.7924528302,3,188.679245283019],[61886.7924528302,4,188.679245283019]],"lengthInSteps":16,"altAnim":false,"bpm":159,"changeBPM":false,"mustHitSection":true},{"typeOfSection":0,"sectionNotes":[[64245.2830188679,0,0],[64339.6226415094,3,0],[64433.9622641509,0,0],[64528.3018867924,3,0],[64622.641509434,0,0],[64716.9811320755,3,0],[64811.320754717,0,0],[64811.320754717,7,0],[64716.9811320755,4,0],[64622.641509434,7,0],[64528.3018867924,4,0],[64433.9622641509,7,0],[64339.6226415094,4,0],[64245.2830188679,7,0]],"lengthInSteps":16,"altAnim":false,"bpm":159,"changeBPM":false,"mustHitSection":false},{"typeOfSection":0,"sectionNotes":[[65943.3962264151,6,377.358490566038]],"lengthInSteps":16,"altAnim":false,"bpm":159,"changeBPM":false,"mustHitSection":true},{"typeOfSection":0,"sectionNotes":[[66415.0943396227,4,377.358490566038],[66792.4528301887,7,377.358490566038],[67264.1509433962,6,377.358490566038]],"lengthInSteps":16,"altAnim":false,"bpm":159,"changeBPM":false,"mustHitSection":true},{"typeOfSection":0,"sectionNotes":[],"lengthInSteps":16,"altAnim":false,"bpm":159,"changeBPM":false,"mustHitSection":true},{"typeOfSection":0,"sectionNotes":[[69433.9622641509,1,283.018867924528],[69811.320754717,3,283.018867924528],[70000,2,377.358490566038],[70566.0377358491,2,0],[70660.3773584906,3,188.679245283019]],"lengthInSteps":16,"altAnim":false,"bpm":159,"changeBPM":false,"mustHitSection":false},{"typeOfSection":0,"sectionNotes":[],"lengthInSteps":16,"altAnim":false,"bpm":159,"changeBPM":false,"mustHitSection":false},{"typeOfSection":0,"sectionNotes":[[73113.2075471698,2,188.679245283019],[73396.2264150943,1,188.679245283019],[73584.9056603774,3,94.3396226415094],[73679.2452830189,0,94.3396226415094],[73773.5849056604,2,94.3396226415094]],"lengthInSteps":16,"altAnim":false,"bpm":159,"changeBPM":false,"mustHitSection":false},{"typeOfSection":0,"sectionNotes":[[73962.2641509434,2,283.018867924528]],"lengthInSteps":16,"altAnim":false,"bpm":159,"changeBPM":false,"mustHitSection":false},{"typeOfSection":0,"sectionNotes":[[76509.4339622642,1,0],[76603.7735849057,2,0],[76509.4339622642,5,0],[76603.7735849057,6,0],[76698.1132075472,6,188.679245283019],[76698.1132075472,2,188.679245283019]],"lengthInSteps":16,"altAnim":false,"bpm":159,"changeBPM":false,"mustHitSection":true},{"typeOfSection":0,"sectionNotes":[[77358.4905660377,2,0],[77358.4905660377,6,0],[77452.8301886792,7,283.018867924528],[77452.8301886792,3,283.018867924528]],"lengthInSteps":16,"altAnim":false,"bpm":159,"changeBPM":false,"mustHitSection":true},{"typeOfSection":0,"sectionNotes":[],"lengthInSteps":16,"altAnim":false,"bpm":159,"changeBPM":false,"mustHitSection":true},{"typeOfSection":0,"sectionNotes":[[80000,2,377.358490566038],[80000,6,377.358490566038],[80471.6981132075,0,377.358490566038],[80471.6981132075,4,377.358490566038],[80943.3962264151,3,471.698113207547],[80943.3962264151,7,471.698113207547]],"lengthInSteps":16,"altAnim":false,"bpm":159,"changeBPM":false,"mustHitSection":true},{"typeOfSection":0,"sectionNotes":[[81509.4339622642,0,377.358490566038],[81509.4339622642,4,377.358490566038],[82075.4716981132,6,188.679245283019],[82075.4716981132,2,188.679245283019],[82358.4905660377,3,188.679245283019],[82358.4905660377,7,188.679245283019],[82641.5094339623,0,188.679245283019],[82830.1886792453,3,94.3396226415094],[82830.1886792453,7,94.3396226415094],[82641.5094339623,4,188.679245283019]],"lengthInSteps":16,"altAnim":false,"bpm":159,"changeBPM":false,"mustHitSection":false},{"typeOfSection":0,"sectionNotes":[[83584.9056603773,1,377.358490566038],[83584.9056603773,5,377.358490566038],[84056.6037735849,6,188.679245283019],[84056.6037735849,2,188.679245283019],[84339.6226415094,7,94.3396226415094],[84339.6226415094,3,94.3396226415094]],"lengthInSteps":16,"altAnim":false,"bpm":159,"changeBPM":false,"mustHitSection":true},{"typeOfSection":0,"sectionNotes":[[84622.641509434,0,566.037735849057],[84622.641509434,4,566.037735849057]],"lengthInSteps":16,"altAnim":false,"bpm":159,"changeBPM":false,"mustHitSection":false},{"typeOfSection":0,"sectionNotes":[[87075.4716981132,2,283.018867924528],[87358.4905660377,3,377.358490566038]],"lengthInSteps":16,"altAnim":false,"bpm":159,"changeBPM":false,"mustHitSection":true},{"typeOfSection":0,"sectionNotes":[[88679.2452830189,1,0],[88301.8867924528,1,0],[88301.8867924528,1,0],[88396.2264150943,1,0],[88490.5660377358,1,0],[88584.9056603773,1,0],[88679.2452830189,5,0],[88584.9056603773,5,0],[88490.5660377358,5,0],[88396.2264150943,5,0],[88301.8867924528,5,0],[87924.5283018868,4,283.018867924528],[87924.5283018868,0,283.018867924528]],"lengthInSteps":16,"altAnim":false,"bpm":159,"changeBPM":false,"mustHitSection":false},{"typeOfSection":0,"sectionNotes":[[89056.6037735849,2,283.018867924528],[89056.6037735849,6,283.018867924528],[89433.9622641509,3,283.018867924528],[89433.9622641509,7,283.018867924528],[89811.320754717,0,283.018867924528],[89811.320754717,4,283.018867924528],[90188.679245283,1,283.018867924528],[90188.679245283,5,283.018867924528]],"lengthInSteps":16,"altAnim":false,"bpm":159,"changeBPM":false,"mustHitSection":false},{"typeOfSection":0,"sectionNotes":[[90566.0377358491,2,377.358490566038],[90566.0377358491,6,377.358490566038],[91037.7358490566,7,283.018867924528],[91037.7358490566,3,283.018867924528],[91415.0943396227,1,566.037735849057],[91415.0943396227,5,566.037735849057]],"lengthInSteps":16,"altAnim":false,"bpm":159,"changeBPM":false,"mustHitSection":false},{"typeOfSection":0,"sectionNotes":[[92075.4716981132,2,471.698113207547],[92075.4716981132,6,471.698113207547],[92735.8490566038,4,754.716981132075],[92735.8490566038,3,754.716981132075]],"lengthInSteps":16,"altAnim":false,"bpm":159,"changeBPM":false,"mustHitSection":true},{"typeOfSection":0,"sectionNotes":[[93679.2452830189,2,94.3396226415094],[93962.2641509434,3,94.3396226415094],[94245.2830188679,2,94.3396226415094],[94056.6037735849,1,94.3396226415094],[94245.2830188679,6,94.3396226415094],[94056.6037735849,5,94.3396226415094],[93962.2641509434,7,94.3396226415094],[93679.2452830189,6,94.3396226415094],[94433.9622641509,6,188.679245283019],[94433.9622641509,2,188.679245283019],[94716.9811320755,3,377.358490566038],[94716.9811320755,7,377.358490566038]],"lengthInSteps":16,"altAnim":false,"bpm":159,"changeBPM":false,"mustHitSection":false},{"typeOfSection":0,"sectionNotes":[[95566.0377358491,2,188.679245283019],[95849.0566037736,3,188.679245283019],[95849.0566037736,7,188.679245283019],[95566.0377358491,6,188.679245283019]],"lengthInSteps":16,"altAnim":false,"bpm":159,"changeBPM":false,"mustHitSection":true},{"typeOfSection":0,"sectionNotes":[[96603.7735849057,0,377.358490566038],[96603.7735849057,4,377.358490566038],[97452.8301886792,7,283.018867924528],[97452.8301886792,3,283.018867924528]],"lengthInSteps":16,"altAnim":false,"bpm":159,"changeBPM":false,"mustHitSection":true},{"typeOfSection":0,"sectionNotes":[[98113.2075471698,2,471.698113207547],[98113.2075471698,6,471.698113207547],[98679.2452830189,2,471.698113207547],[98679.2452830189,6,471.698113207547],[99245.2830188679,2,283.018867924528],[99245.2830188679,6,283.018867924528]],"lengthInSteps":16,"altAnim":false,"bpm":159,"changeBPM":false,"mustHitSection":false},{"typeOfSection":0,"sectionNotes":[[99622.641509434,2,471.698113207547],[99622.641509434,6,471.698113207547],[100188.679245283,7,471.698113207547],[100188.679245283,0,471.698113207547],[100754.716981132,4,283.018867924528],[100754.716981132,3,283.018867924528]],"lengthInSteps":16,"altAnim":false,"bpm":159,"changeBPM":false,"mustHitSection":false},{"typeOfSection":0,"sectionNotes":[[101132.075471698,6,660.377358490566],[101132.075471698,2,660.377358490566],[101886.79245283,4,660.377358490566],[101886.79245283,3,660.377358490566]],"lengthInSteps":16,"altAnim":false,"bpm":159,"changeBPM":false,"mustHitSection":true},{"typeOfSection":0,"sectionNotes":[[102641.509433962,1,377.358490566038],[102641.509433962,5,377.358490566038],[103301.886792453,6,0],[103396.226415094,7,0],[103490.566037736,6,0],[103584.905660377,7,0],[103679.245283019,6,0],[103773.58490566,7,0],[103301.886792453,0,0],[103396.226415094,1,0],[103490.566037736,0,0],[103584.905660377,1,0],[103679.245283019,0,0],[103773.58490566,1,0],[103867.924528302,6,0],[103962.264150943,7,0],[103867.924528302,0,0],[103962.264150943,1,0]],"lengthInSteps":16,"altAnim":false,"bpm":159,"changeBPM":false,"mustHitSection":false},{"typeOfSection":0,"sectionNotes":[[104150.943396226,6,0],[104245.283018868,7,0],[104339.622641509,6,0],[104433.962264151,7,0],[104245.283018868,0,0],[104150.943396226,1,0],[104433.962264151,0,0],[104339.622641509,1,0],[104622.641509434,1,188.679245283019],[104622.641509434,5,188.679245283019],[104905.660377358,2,188.679245283019],[104905.660377358,6,188.679245283019],[105188.679245283,3,188.679245283019],[105188.679245283,7,188.679245283019],[105471.698113208,0,94.3396226415094],[105471.698113208,4,94.3396226415094]],"lengthInSteps":16,"altAnim":false,"bpm":159,"changeBPM":false,"mustHitSection":false},{"typeOfSection":0,"sectionNotes":[[105660.377358491,2,471.698113207547],[105660.377358491,6,471.698113207547],[106509.433962264,2,0],[106603.773584906,3,0],[106698.113207547,2,0],[106792.452830189,3,0],[106886.79245283,2,0],[106981.132075472,3,0],[106509.433962264,4,0],[106603.773584906,5,0],[106698.113207547,4,0],[106792.452830189,5,0],[106886.79245283,4,0],[106981.132075472,5,0]],"lengthInSteps":16,"altAnim":false,"bpm":159,"changeBPM":false,"mustHitSection":false},{"typeOfSection":0,"sectionNotes":[[107169.811320755,2,0],[107264.150943396,3,0],[107358.490566038,2,0],[107452.830188679,3,0],[107169.811320755,4,0],[107264.150943396,5,0],[107358.490566038,4,0],[107452.830188679,5,0],[107547.169811321,2,0],[107547.169811321,4,0],[107641.509433962,5,0],[107641.509433962,3,0],[107735.849056604,3,849.056603773585],[107735.849056604,4,849.056603773585]],"lengthInSteps":16,"altAnim":false,"bpm":159,"changeBPM":false,"mustHitSection":false},{"typeOfSection":0,"sectionNotes":[[108679.245283019,1,283.018867924528],[108679.245283019,5,283.018867924528],[109339.622641509,6,0],[109433.962264151,7,0],[109528.301886792,4,0],[109622.641509434,5,0],[109716.981132075,6,0],[109811.320754717,7,0],[110000,5,0],[109905.660377358,4,0],[109905.660377358,2,0],[110000,3,0],[109716.981132075,0,0],[109811.320754717,1,0],[109528.301886792,2,0],[109622.641509434,3,0],[109339.622641509,0,0],[109433.962264151,1,0]],"lengthInSteps":16,"altAnim":false,"bpm":159,"changeBPM":false,"mustHitSection":true},{"typeOfSection":0,"sectionNotes":[[110283.018867925,3,283.018867924528],[110283.018867925,7,283.018867924528],[110660.377358491,1,188.679245283019],[110660.377358491,5,188.679245283019],[110943.396226415,2,283.018867924528],[110943.396226415,6,283.018867924528],[111320.754716981,6,283.018867924528],[111320.754716981,2,283.018867924528]],"lengthInSteps":16,"altAnim":false,"bpm":159,"changeBPM":false,"mustHitSection":true},{"typeOfSection":0,"sectionNotes":[[111698.113207547,7,754.716981132075],[111698.113207547,3,754.716981132075],[112547.169811321,0,566.037735849057],[112547.169811321,4,566.037735849057]],"lengthInSteps":16,"altAnim":false,"bpm":159,"changeBPM":false,"mustHitSection":false},{"typeOfSection":0,"sectionNotes":[[113207.547169811,2,471.698113207547],[113207.547169811,6,471.698113207547],[113773.58490566,1,471.698113207547],[113773.58490566,5,471.698113207547],[114339.622641509,2,283.018867924528],[114339.622641509,6,283.018867924528]],"lengthInSteps":16,"altAnim":false,"bpm":159,"changeBPM":false,"mustHitSection":true},{"typeOfSection":0,"sectionNotes":[[114716.981132075,6,566.037735849057],[114716.981132075,2,566.037735849057],[115377.358490566,6,0],[115471.698113208,5,0],[115566.037735849,6,0],[115660.377358491,5,0],[115377.358490566,2,0],[115471.698113208,1,0],[115566.037735849,2,0],[115660.377358491,1,0],[115754.716981132,2,0],[115849.056603774,1,0],[115943.396226415,2,0],[116132.075471698,2,0],[116132.075471698,6,0],[116037.735849057,1,0],[116037.735849057,5,0],[115943.396226415,6,0],[115849.056603774,5,0],[115754.716981132,6,0]],"lengthInSteps":16,"altAnim":false,"bpm":159,"changeBPM":false,"mustHitSection":false},{"typeOfSection":0,"sectionNotes":[[116226.41509434,5,0],[116320.754716981,6,0],[116415.094339623,5,0],[116509.433962264,6,0],[116603.773584906,5,0],[116698.113207547,6,0],[116792.452830189,5,0],[116886.79245283,6,0],[116981.132075472,5,0],[117075.471698113,6,0],[117169.811320755,5,0],[117264.150943396,6,0],[117358.490566038,5,0],[117452.830188679,6,0],[117547.169811321,5,0],[117641.509433962,6,0],[117641.509433962,2,0],[117547.169811321,1,0],[117452.830188679,2,0],[117358.490566038,1,0],[117264.150943396,2,0],[117169.811320755,1,0],[117075.471698113,2,0],[116981.132075472,1,0],[116886.79245283,2,0],[116792.452830189,1,0],[116698.113207547,2,0],[116603.773584906,1,0],[116509.433962264,2,0],[116415.094339623,1,0],[116320.754716981,2,0],[116226.41509434,1,0]],"lengthInSteps":16,"altAnim":false,"bpm":159,"changeBPM":false,"mustHitSection":true},{"typeOfSection":0,"sectionNotes":[[117735.849056604,1,0],[117735.849056604,5,0],[117830.188679245,2,0],[117924.528301887,1,0],[117830.188679245,6,0],[117924.528301887,5,0],[118018.867924528,6,0],[118113.20754717,5,0],[118207.547169811,6,0],[118018.867924528,2,0],[118113.20754717,1,0],[118207.547169811,2,0],[118301.886792453,1,0],[118396.226415094,2,0],[118396.226415094,6,0],[118301.886792453,5,0],[118490.566037736,5,0],[118584.905660377,6,0],[118490.566037736,1,0],[118584.905660377,2,0],[118679.245283019,1,0],[118773.58490566,2,0],[118867.924528302,1,0],[118962.264150943,2,0],[119056.603773585,1,0],[119150.943396226,2,0],[119150.943396226,6,0],[119056.603773585,5,0],[118962.264150943,6,0],[118867.924528302,5,0],[118773.58490566,6,0],[118679.245283019,5,0]],"lengthInSteps":16,"altAnim":false,"bpm":159,"changeBPM":false,"mustHitSection":false},{"typeOfSection":0,"sectionNotes":[[119245.283018868,1,0],[119339.622641509,2,0],[119433.962264151,1,0],[119528.301886792,2,0],[119622.641509434,1,0],[119716.981132075,2,0],[119811.320754717,1,0],[119905.660377358,2,0],[120000,1,0],[120094.339622642,2,0],[120188.679245283,1,0],[120283.018867925,2,0],[120377.358490566,1,0],[120471.698113208,2,0],[120566.037735849,1,0],[120660.377358491,2,0],[120660.377358491,6,0],[120471.698113208,6,0],[120283.018867925,6,0],[120094.339622642,6,0],[119905.660377358,6,0],[119716.981132075,6,0],[119528.301886792,6,0],[119339.622641509,6,0],[119433.962264151,5,0],[119245.283018868,5,0],[119622.641509434,5,0],[119811.320754717,5,0],[120000,5,0],[120188.679245283,5,0],[120377.358490566,5,0],[120566.037735849,5,0]],"lengthInSteps":16,"altAnim":false,"bpm":159,"changeBPM":false,"mustHitSection":false},{"typeOfSection":0,"sectionNotes":[[120754.716981132,1,0],[120849.056603774,2,0],[120943.396226415,1,0],[121037.735849057,2,0],[121132.075471698,1,0],[121226.41509434,2,0],[121320.754716981,1,0],[121415.094339623,2,0],[121509.433962264,1,0],[121509.433962264,5,0],[121415.094339623,6,0],[121320.754716981,5,0],[121226.41509434,6,0],[121132.075471698,5,0],[121037.735849057,6,0],[120943.396226415,5,0],[120849.056603774,6,0],[120754.716981132,5,0],[121603.773584906,2,566.037735849057],[121603.773584906,6,566.037735849057]],"lengthInSteps":16,"altAnim":false,"bpm":159,"changeBPM":false,"mustHitSection":true},{"typeOfSection":0,"sectionNotes":[[122264.150943396,3,566.037735849057],[122264.150943396,7,566.037735849057],[122924.528301887,0,754.716981132075],[122924.528301887,4,754.716981132075]],"lengthInSteps":16,"altAnim":false,"bpm":159,"changeBPM":false,"mustHitSection":true},{"typeOfSection":0,"sectionNotes":[[123773.58490566,1,660.377358490566],[123773.58490566,5,660.377358490566],[124528.301886792,2,660.377358490566],[124528.301886792,6,660.377358490566]],"lengthInSteps":16,"altAnim":false,"bpm":159,"changeBPM":false,"mustHitSection":false},{"typeOfSection":0,"sectionNotes":[[125283.018867925,2,0],[125377.358490566,3,0],[125471.698113208,2,0],[125566.037735849,3,0],[125660.377358491,2,0],[125754.716981132,3,0],[125849.056603774,2,0],[125943.396226415,3,0],[125849.056603774,6,0],[125943.396226415,7,0],[125660.377358491,6,0],[125754.716981132,7,0],[125471.698113208,6,0],[125566.037735849,7,0],[125283.018867925,6,0],[125377.358490566,7,0],[126037.735849057,0,0],[126132.075471698,1,0],[126226.41509434,0,0],[126320.754716981,1,0],[126415.094339623,0,0],[126509.433962264,1,0],[126603.773584906,0,0],[126698.113207547,1,0],[126698.113207547,5,0],[126603.773584906,4,0],[126509.433962264,5,0],[126415.094339623,4,0],[126320.754716981,5,0],[126226.41509434,4,0],[126132.075471698,5,0],[126037.735849057,4,0]],"lengthInSteps":16,"altAnim":false,"bpm":159,"changeBPM":false,"mustHitSection":true},{"typeOfSection":0,"sectionNotes":[[126792.452830189,0,0],[126886.79245283,3,0],[126981.132075472,0,0],[127075.471698113,3,0],[127169.811320755,0,0],[127358.490566038,0,0],[127264.150943396,3,0],[127358.490566038,7,0],[127264.150943396,4,0],[127169.811320755,7,0],[127075.471698113,4,0],[126981.132075472,7,0],[126886.79245283,4,0],[126792.452830189,7,0],[127452.830188679,2,283.018867924528],[127452.830188679,6,283.018867924528],[127830.188679245,5,188.679245283019],[127830.188679245,1,188.679245283019],[128113.20754717,2,94.3396226415094],[128113.20754717,6,94.3396226415094]],"lengthInSteps":16,"altAnim":false,"bpm":159,"changeBPM":false,"mustHitSection":true},{"typeOfSection":0,"sectionNotes":[[128301.886792453,3,471.698113207547],[128301.886792453,4,471.698113207547],[128867.924528302,0,377.358490566038],[128867.924528302,7,377.358490566038],[129339.622641509,2,377.358490566038],[129339.622641509,6,377.358490566038]],"lengthInSteps":16,"altAnim":false,"bpm":159,"changeBPM":false,"mustHitSection":true},{"typeOfSection":0,"sectionNotes":[[129905.660377358,0,471.698113207547],[129905.660377358,4,471.698113207547],[130471.698113208,3,377.358490566038],[130471.698113208,7,377.358490566038],[130943.396226415,1,283.018867924528],[130943.396226415,5,283.018867924528]],"lengthInSteps":16,"altAnim":false,"bpm":159,"changeBPM":false,"mustHitSection":true},{"typeOfSection":0,"sectionNotes":[[131320.754716981,6,471.698113207547],[131320.754716981,2,471.698113207547],[131886.79245283,3,377.358490566038],[131886.79245283,7,377.358490566038],[132358.490566038,0,377.358490566038],[132358.490566038,4,377.358490566038]],"lengthInSteps":16,"altAnim":false,"bpm":159,"changeBPM":false,"mustHitSection":true},{"typeOfSection":0,"sectionNotes":[[132830.188679245,2,1415.09433962264],[132830.188679245,6,1415.09433962264]],"lengthInSteps":16,"altAnim":false,"bpm":159,"changeBPM":false,"mustHitSection":true},{"typeOfSection":0,"sectionNotes":[],"lengthInSteps":16,"altAnim":false,"bpm":159,"changeBPM":false,"mustHitSection":true},{"typeOfSection":0,"sectionNotes":[],"lengthInSteps":16,"altAnim":false,"bpm":159,"changeBPM":false,"mustHitSection":true},{"lengthInSteps":16,"altAnim":false,"typeOfSection":0,"sectionNotes":[],"bpm":159,"changeBPM":false,"mustHitSection":true}],"song":"Winter-Horrorland","validScore":true,"sections":0,"needsVoices":true,"speed":1.1,"bpm":159}}