{"notes":[{"typeOfSection":0,"sectionNotes":[],"lengthInSteps":16,"bpm":95,"changeBPM":false,"mustHitSection":true},{"typeOfSection":0,"sectionNotes":[],"lengthInSteps":16,"bpm":95,"changeBPM":false,"mustHitSection":true},{"typeOfSection":0,"sectionNotes":[],"lengthInSteps":16,"bpm":95,"changeBPM":false,"mustHitSection":false},{"typeOfSection":0,"sectionNotes":[[5000,2,400],[5500,3,400],[6000,1,0],[6200,1,0]],"lengthInSteps":16,"bpm":95,"changeBPM":false,"mustHitSection":false},{"typeOfSection":0,"sectionNotes":[[6600,1,0],[7000,1,0],[7400,1,0],[7600,3,300]],"lengthInSteps":16,"bpm":95,"changeBPM":false,"mustHitSection":false},{"typeOfSection":0,"sectionNotes":[[8200,1,500],[8900,2,0],[9000,2,0],[9100,2,0],[9200,2,0],[9300,2,0],[9400,2,0],[9500,2,0]],"lengthInSteps":16,"bpm":95,"changeBPM":false,"mustHitSection":false},{"typeOfSection":0,"sectionNotes":[[9800,1,0],[10200,1,0],[10600,1,0],[10800,3,0]],"lengthInSteps":16,"bpm":95,"changeBPM":false,"mustHitSection":true},{"typeOfSection":0,"sectionNotes":[[11600,3,400],[11400,1,0],[11200,1,0],[12200,1,400]],"lengthInSteps":16,"bpm":95,"changeBPM":false,"mustHitSection":true},{"typeOfSection":0,"sectionNotes":[[13000,1,0],[13400,1,0],[13700,3,300]],"lengthInSteps":16,"bpm":95,"changeBPM":false,"mustHitSection":true},{"typeOfSection":0,"sectionNotes":[[14400,2,500],[15300,2,300],[15700,3,300]],"lengthInSteps":16,"bpm":95,"changeBPM":false,"mustHitSection":true},{"typeOfSection":0,"sectionNotes":[[16800,0,0],[16900,3,0],[17000,0,0],[17100,3,0],[17200,0,0],[17300,3,0],[17400,0,0],[17500,3,0]],"lengthInSteps":16,"altAnim":true,"bpm":150,"changeBPM":false,"mustHitSection":false},{"typeOfSection":0,"sectionNotes":[[17800,0,0],[18200,0,0],[18600,0,0],[19000,3,400]],"lengthInSteps":16,"altAnim":true,"bpm":150,"changeBPM":false,"mustHitSection":false},{"typeOfSection":0,"sectionNotes":[[19600,1,100],[20000,3,100],[20400,1,0]],"lengthInSteps":16,"altAnim":true,"bpm":150,"changeBPM":false,"mustHitSection":false},{"typeOfSection":0,"sectionNotes":[[21000,0,0],[21400,1,0],[22000,2,400]],"lengthInSteps":16,"altAnim":true,"bpm":150,"changeBPM":false,"mustHitSection":false},{"typeOfSection":0,"sectionNotes":[[22400,4,300],[22800,1,0],[22400,2,0],[23200,3,100],[23600,0,0],[23800,2,0]],"lengthInSteps":16,"altAnim":true,"bpm":150,"changeBPM":false,"mustHitSection":true},{"typeOfSection":0,"sectionNotes":[[24200,0,0],[24600,0,0],[25000,0,0],[25400,3,400]],"lengthInSteps":16,"bpm":150,"changeBPM":false,"mustHitSection":true},{"typeOfSection":0,"sectionNotes":[[26000,1,1000],[26000,5,1000]],"lengthInSteps":16,"bpm":150,"changeBPM":false,"mustHitSection":true},{"typeOfSection":0,"sectionNotes":[[27200,5,700],[27200,1,700],[28000,6,0],[28200,7,0],[28300,6,300],[28600,5,100]],"lengthInSteps":16,"bpm":150,"changeBPM":false,"mustHitSection":true},{"typeOfSection":0,"sectionNotes":[[28900,2,200],[29200,1,200],[29400,3,0],[29700,3,600],[29700,4,600],[29400,4,0]],"lengthInSteps":16,"bpm":150,"changeBPM":false,"mustHitSection":false},{"typeOfSection":0,"sectionNotes":[[31000,3,900],[31000,4,900],[30800,3,0],[30800,4,0]],"lengthInSteps":16,"bpm":150,"changeBPM":false,"mustHitSection":false},{"typeOfSection":0,"sectionNotes":[[32500,1,700],[32500,5,700],[33300,0,0],[33400,3,0],[33500,0,0],[33500,4,0],[33400,7,0],[33300,4,0]],"lengthInSteps":16,"bpm":150,"changeBPM":false,"mustHitSection":false},{"typeOfSection":0,"sectionNotes":[[33800,3,0],[34000,1,0],[34200,0,0],[34400,1,0],[34800,3,0],[35000,1,0]],"lengthInSteps":16,"bpm":150,"changeBPM":false,"mustHitSection":false},{"typeOfSection":0,"sectionNotes":[[35600,1,0],[35400,3,0],[35800,0,0],[36600,0,0],[36700,3,0],[35900,3,600]],"lengthInSteps":16,"bpm":150,"changeBPM":false,"mustHitSection":true},{"typeOfSection":0,"sectionNotes":[[37000,3,0],[37200,1,0],[37400,0,0],[37500,3,0],[38000,3,0],[38200,0,0]],"lengthInSteps":16,"bpm":150,"changeBPM":false,"mustHitSection":true},{"typeOfSection":0,"sectionNotes":[[38800,1,0],[39000,0,0],[39100,3,0],[39800,0,0],[39900,3,0],[38400,3,400],[39300,3,400]],"lengthInSteps":16,"bpm":150,"changeBPM":false,"mustHitSection":true},{"typeOfSection":0,"sectionNotes":[[40200,3,0],[40400,1,0],[40600,0,0],[40800,1,0],[41200,3,0],[41400,1,0]],"lengthInSteps":16,"bpm":150,"changeBPM":false,"mustHitSection":true},{"typeOfSection":0,"sectionNotes":[[41600,7,300],[41600,0,0],[42000,3,0],[42200,0,0],[42600,0,0],[43000,3,0],[41800,0,0],[41800,3,0],[42600,2,0],[43000,1,0],[42300,2,0],[42100,2,0],[42300,6,0],[42900,6,0],[43000,5,0],[42600,4,0],[42500,6,0],[42000,5,0],[42200,5,0],[43100,7,0],[43000,7,0]],"lengthInSteps":16,"altAnim":true,"bpm":150,"changeBPM":false,"mustHitSection":false},{"typeOfSection":0,"sectionNotes":[[43200,7,300],[43200,0,0],[43600,3,0],[43800,0,0],[44200,0,0],[44600,3,0],[43800,6,200],[43900,3,200],[44400,6,200],[44400,2,200],[43400,1,100],[43400,4,100],[43700,4,100],[44100,4,100],[44600,5,0],[44700,5,0]],"lengthInSteps":16,"bpm":150,"changeBPM":false,"mustHitSection":true},{"typeOfSection":0,"sectionNotes":[[44800,7,300],[44800,0,0],[45200,3,0],[45400,0,0],[45800,0,0],[46200,3,0],[45000,1,0],[45600,1,0],[45900,2,0],[46100,2,0],[46100,5,0],[45700,6,0],[45400,7,0],[45200,5,0],[44900,5,100],[46100,7,100],[45600,4,100],[45100,0,100],[45400,2,100],[46000,1,100],[45900,7,100],[45900,5,100]],"lengthInSteps":16,"altAnim":true,"bpm":150,"changeBPM":false,"mustHitSection":false},{"typeOfSection":0,"sectionNotes":[[46400,0,0],[47000,0,0],[47400,0,0],[46600,0,0],[46500,3,0],[46800,0,0],[46700,3,0],[46900,3,0],[47200,0,0],[47100,3,0],[47600,0,0],[47500,3,0],[47800,0,0],[47700,4,0],[47700,3,0],[47800,7,0],[47500,4,0],[47300,4,0],[47100,4,0],[46900,4,0],[46700,4,0],[46500,4,0],[46400,7,0],[46600,7,0],[46800,7,0],[47000,7,0],[47200,7,0],[47300,3,0],[47400,7,0],[47600,7,0]],"lengthInSteps":16,"altAnim":true,"bpm":150,"changeBPM":false,"mustHitSection":true},{"typeOfSection":0,"sectionNotes":[[48100,1,0],[48300,1,0],[48500,1,0],[48700,1,0],[48900,1,0],[49100,1,0],[49300,1,0],[49500,1,0],[49500,5,0],[49300,5,0],[49100,5,0],[48900,5,0],[48700,5,0],[48500,5,0],[48300,5,0],[48100,5,0]],"lengthInSteps":16,"bpm":150,"changeBPM":false,"mustHitSection":false},{"typeOfSection":0,"sectionNotes":[[49800,1,0],[50200,1,0],[50600,1,0],[50000,1,0],[50400,1,0],[49800,5,0],[50000,5,0],[50200,5,0],[50400,5,0],[50600,5,0],[50900,3,200],[50900,7,200]],"lengthInSteps":16,"bpm":150,"changeBPM":false,"mustHitSection":false},{"typeOfSection":0,"sectionNotes":[[51700,3,600],[51700,7,600],[52400,3,0],[52500,3,0],[52600,3,0],[52700,3,0],[52700,7,0],[52600,7,0],[52500,7,0],[52400,7,0]],"lengthInSteps":16,"bpm":150,"changeBPM":false,"mustHitSection":false},{"typeOfSection":0,"sectionNotes":[[53000,1,0],[53400,1,0],[53800,1,0],[54000,3,0],[54200,3,0]],"lengthInSteps":16,"bpm":150,"changeBPM":false,"mustHitSection":false},{"typeOfSection":0,"sectionNotes":[[54600,1,0],[55000,1,0],[55400,1,0],[55800,3,0]],"lengthInSteps":16,"bpm":150,"changeBPM":false,"mustHitSection":true},{"typeOfSection":0,"sectionNotes":[[56200,1,0],[56600,1,0],[57000,1,0],[57200,3,0],[57400,3,0],[56200,1,0],[56600,1,0],[57000,1,0],[57200,3,0],[57400,3,0],[56200,1,0],[56600,1,0],[57000,1,0],[57200,3,0],[57400,3,0]],"lengthInSteps":16,"bpm":150,"changeBPM":false,"mustHitSection":true},{"typeOfSection":0,"sectionNotes":[[57800,1,0],[58200,1,0],[58600,1,0],[59000,3,0]],"lengthInSteps":16,"bpm":150,"changeBPM":false,"mustHitSection":true},{"typeOfSection":0,"sectionNotes":[[59400,1,0],[59800,1,0],[60200,1,0],[60400,3,0],[60600,3,0]],"lengthInSteps":16,"bpm":150,"changeBPM":false,"mustHitSection":true},{"typeOfSection":0,"sectionNotes":[[60800,2,0],[61000,3,0],[61200,0,0],[61600,1,0],[62000,1,0]],"lengthInSteps":16,"altAnim":true,"bpm":150,"changeBPM":false,"mustHitSection":false},{"typeOfSection":0,"sectionNotes":[[62400,0,0],[62800,0,0],[63000,3,100],[63200,1,0],[63600,3,200]],"lengthInSteps":16,"altAnim":true,"bpm":150,"changeBPM":false,"mustHitSection":false},{"typeOfSection":0,"sectionNotes":[[64000,2,0],[64200,3,0],[64400,0,0],[64800,1,0],[65200,1,0]],"lengthInSteps":16,"bpm":150,"changeBPM":false,"mustHitSection":true},{"typeOfSection":0,"sectionNotes":[[65600,0,0],[66000,0,0],[66200,3,100],[66400,1,0],[66800,3,200]],"lengthInSteps":16,"bpm":150,"changeBPM":false,"mustHitSection":true},{"typeOfSection":0,"sectionNotes":[[67200,1,0],[67400,3,0],[67600,0,200],[68000,1,0],[68400,1,0]],"lengthInSteps":16,"altAnim":true,"bpm":150,"changeBPM":false,"mustHitSection":false},{"typeOfSection":0,"sectionNotes":[[68800,3,0],[68900,0,100],[69200,1,0],[69600,2,300],[70000,2,300]],"lengthInSteps":16,"altAnim":true,"bpm":150,"changeBPM":false,"mustHitSection":false},{"typeOfSection":0,"sectionNotes":[[70400,1,0],[70600,3,0],[70800,0,200],[71200,1,0],[71600,1,0]],"lengthInSteps":16,"bpm":150,"changeBPM":false,"mustHitSection":true},{"typeOfSection":0,"sectionNotes":[[72000,3,0],[72100,0,100],[72400,1,0],[72800,2,300],[73200,2,300]],"lengthInSteps":16,"bpm":150,"changeBPM":false,"mustHitSection":true},{"typeOfSection":0,"sectionNotes":[[74200,4,0],[74300,7,0],[74400,6,0],[74600,7,0],[75100,7,0],[73600,4,300],[73900,7,0],[73600,4,300],[74000,1,0],[73600,2,0],[74400,3,100],[74800,0,0],[75000,2,0]],"lengthInSteps":16,"bpm":150,"changeBPM":false,"mustHitSection":true},{"typeOfSection":0,"sectionNotes":[[75600,5,0],[75400,7,0],[75900,7,0],[76000,6,0],[76200,7,0],[76400,5,0],[76600,4,0],[76700,7,0],[75400,0,0],[75800,0,0],[76200,0,0],[76600,3,400]],"lengthInSteps":16,"bpm":150,"changeBPM":false,"mustHitSection":true},{"typeOfSection":0,"sectionNotes":[[76800,7,0],[77000,7,0],[77200,5,0],[77400,4,0],[77500,7,0],[77800,7,0],[78000,5,0],[78200,4,0],[78300,7,0],[77200,1,100],[77600,3,100],[78000,1,0],[78200,0,0]],"lengthInSteps":16,"bpm":150,"changeBPM":false,"mustHitSection":true},{"typeOfSection":0,"sectionNotes":[[78600,7,0],[78800,5,0],[79000,4,0],[79200,5,0],[79300,4,0],[79600,7,0],[79800,5,0],[78600,0,0],[79000,1,0],[79400,1,0],[79600,2,300]],"lengthInSteps":16,"bpm":150,"changeBPM":false,"mustHitSection":true},{"typeOfSection":0,"sectionNotes":[[80400,1,0],[80200,3,0],[80600,0,0],[81000,3,0],[81400,0,0],[81500,3,0]],"lengthInSteps":16,"bpm":150,"changeBPM":false,"mustHitSection":true},{"typeOfSection":0,"sectionNotes":[[81800,3,0],[82000,1,0],[82200,0,0],[82300,3,0],[82800,3,0],[83000,0,0]],"lengthInSteps":16,"bpm":150,"changeBPM":false,"mustHitSection":true},{"typeOfSection":0,"sectionNotes":[[83200,3,0],[83600,1,0],[83800,0,0],[83900,3,0],[84200,3,0],[84600,0,0],[84700,3,0]],"lengthInSteps":16,"bpm":150,"changeBPM":false,"mustHitSection":true},{"typeOfSection":0,"sectionNotes":[[85000,3,0],[85200,1,0],[85400,0,0],[85600,1,0],[86000,3,0],[86200,1,0]],"lengthInSteps":16,"bpm":150,"changeBPM":false,"mustHitSection":true},{"typeOfSection":0,"sectionNotes":[[86400,7,300],[86400,0,0],[86800,3,0],[87400,0,0],[87800,3,0],[87000,0,0]],"lengthInSteps":16,"altAnim":true,"bpm":150,"changeBPM":false,"mustHitSection":false},{"typeOfSection":0,"sectionNotes":[[88000,7,300],[88000,0,0],[88400,3,0],[88600,0,0],[89000,0,0],[89400,3,0]],"lengthInSteps":16,"bpm":150,"changeBPM":false,"mustHitSection":true},{"typeOfSection":0,"sectionNotes":[[89600,7,300],[89600,0,0],[90000,3,0],[90200,0,0],[90600,0,0],[91000,3,0]],"lengthInSteps":16,"altAnim":true,"bpm":150,"changeBPM":false,"mustHitSection":false},{"typeOfSection":0,"sectionNotes":[[91200,7,300],[91200,0,0],[91600,3,0],[91800,0,0],[92200,0,0],[92600,3,0]],"lengthInSteps":16,"altAnim":true,"bpm":150,"changeBPM":false,"mustHitSection":true},{"typeOfSection":0,"sectionNotes":[[92800,3,600],[92800,4,600],[93700,1,400],[93700,5,400],[93700,6,400],[93700,2,400]],"lengthInSteps":16,"bpm":150,"changeBPM":false,"mustHitSection":true},{"typeOfSection":0,"sectionNotes":[[94600,2,600],[94600,6,600],[95300,2,0],[95400,3,0],[95700,2,0],[95800,3,0],[95600,3,0],[95800,7,0],[95600,7,0],[95400,7,0],[95300,6,0],[95500,2,0],[95500,6,0],[95700,6,0]],"lengthInSteps":16,"bpm":150,"changeBPM":false,"mustHitSection":true},{"typeOfSection":0,"sectionNotes":[[96200,3,700],[96200,7,700],[97000,0,500],[97000,4,500]],"lengthInSteps":16,"altAnim":false,"bpm":150,"changeBPM":false,"mustHitSection":true},{"typeOfSection":0,"sectionNotes":[[97700,2,700],[97700,6,700],[98500,3,0],[98600,3,0],[98700,3,0],[98800,3,0],[98500,7,0],[98600,7,0],[98700,7,0],[98800,7,0],[98900,2,0],[99000,1,0],[99100,1,0],[98900,6,0],[99000,5,0],[99100,5,0]],"lengthInSteps":16,"altAnim":false,"bpm":150,"changeBPM":false,"mustHitSection":true},{"lengthInSteps":16,"altAnim":false,"typeOfSection":0,"sectionNotes":[[99300,1,700],[99300,5,700],[100200,3,0],[100000,3,0],[100400,3,0],[100600,3,0],[100600,7,0],[100400,7,0],[100200,7,0],[100000,7,0]],"bpm":150,"changeBPM":false,"mustHitSection":true},{"lengthInSteps":16,"altAnim":false,"typeOfSection":0,"sectionNotes":[[100900,6,600],[100900,2,600],[101600,3,600],[101600,7,600]],"bpm":150,"changeBPM":false,"mustHitSection":true},{"lengthInSteps":16,"altAnim":false,"typeOfSection":0,"sectionNotes":[],"bpm":150,"changeBPM":false,"mustHitSection":true}],"sections":65,"bpm":150,"song":{"sectionLengths":[],"player1":"bf-christmas","player2":"parents-christmas","notes":[{"typeOfSection":0,"sectionNotes":[],"lengthInSteps":16,"bpm":95,"changeBPM":false,"mustHitSection":true},{"typeOfSection":0,"sectionNotes":[],"lengthInSteps":16,"bpm":95,"changeBPM":false,"mustHitSection":true},{"typeOfSection":0,"sectionNotes":[],"lengthInSteps":16,"bpm":95,"changeBPM":false,"mustHitSection":false},{"typeOfSection":0,"sectionNotes":[[5000,2,400],[5500,3,400],[6000,1,0],[6200,1,0]],"lengthInSteps":16,"bpm":95,"changeBPM":false,"mustHitSection":false},{"typeOfSection":0,"sectionNotes":[[6600,1,0],[7000,1,0],[7400,1,0],[7600,3,300]],"lengthInSteps":16,"bpm":95,"changeBPM":false,"mustHitSection":false},{"typeOfSection":0,"sectionNotes":[[8200,1,500],[8900,2,0],[9000,2,0],[9100,2,0],[9200,2,0],[9300,2,0],[9400,2,0],[9500,2,0]],"lengthInSteps":16,"bpm":95,"changeBPM":false,"mustHitSection":false},{"typeOfSection":0,"sectionNotes":[[9800,1,0],[10200,1,0],[10600,1,0],[10800,3,0]],"lengthInSteps":16,"bpm":95,"changeBPM":false,"mustHitSection":true},{"typeOfSection":0,"sectionNotes":[[11600,3,400],[11400,1,0],[11200,1,0],[12200,1,400]],"lengthInSteps":16,"bpm":95,"changeBPM":false,"mustHitSection":true},{"typeOfSection":0,"sectionNotes":[[13000,1,0],[13400,1,0],[13700,3,300]],"lengthInSteps":16,"bpm":95,"changeBPM":false,"mustHitSection":true},{"typeOfSection":0,"sectionNotes":[[14400,2,500],[15300,2,300],[15700,3,300]],"lengthInSteps":16,"bpm":95,"changeBPM":false,"mustHitSection":true},{"typeOfSection":0,"sectionNotes":[[16800,0,0],[16900,3,0],[17000,0,0],[17100,3,0],[17200,0,0],[17300,3,0],[17400,0,0],[17500,3,0]],"lengthInSteps":16,"altAnim":true,"bpm":150,"changeBPM":false,"mustHitSection":false},{"typeOfSection":0,"sectionNotes":[[17800,0,0],[18200,0,0],[18600,0,0],[19000,3,400]],"lengthInSteps":16,"altAnim":true,"bpm":150,"changeBPM":false,"mustHitSection":false},{"typeOfSection":0,"sectionNotes":[[19600,1,100],[20000,3,100],[20400,1,0]],"lengthInSteps":16,"altAnim":true,"bpm":150,"changeBPM":false,"mustHitSection":false},{"typeOfSection":0,"sectionNotes":[[21000,0,0],[21400,1,0],[22000,2,400]],"lengthInSteps":16,"altAnim":true,"bpm":150,"changeBPM":false,"mustHitSection":false},{"typeOfSection":0,"sectionNotes":[[22400,4,300],[22800,1,0],[22400,2,0],[23200,3,100],[23600,0,0],[23800,2,0]],"lengthInSteps":16,"altAnim":true,"bpm":150,"changeBPM":false,"mustHitSection":true},{"typeOfSection":0,"sectionNotes":[[24200,0,0],[24600,0,0],[25000,0,0],[25400,3,400]],"lengthInSteps":16,"bpm":150,"changeBPM":false,"mustHitSection":true},{"typeOfSection":0,"sectionNotes":[[26000,1,1000],[26000,5,1000]],"lengthInSteps":16,"bpm":150,"changeBPM":false,"mustHitSection":true},{"typeOfSection":0,"sectionNotes":[[27200,5,700],[27200,1,700],[28000,6,0],[28200,7,0],[28300,6,300],[28600,5,100]],"lengthInSteps":16,"bpm":150,"changeBPM":false,"mustHitSection":true},{"typeOfSection":0,"sectionNotes":[[28900,2,200],[29200,1,200],[29400,3,0],[29700,3,600],[29700,4,600],[29400,4,0]],"lengthInSteps":16,"bpm":150,"changeBPM":false,"mustHitSection":false},{"typeOfSection":0,"sectionNotes":[[31000,3,900],[31000,4,900],[30800,3,0],[30800,4,0]],"lengthInSteps":16,"bpm":150,"changeBPM":false,"mustHitSection":false},{"typeOfSection":0,"sectionNotes":[[32500,1,700],[32500,5,700],[33300,0,0],[33400,3,0],[33500,0,0],[33500,4,0],[33400,7,0],[33300,4,0]],"lengthInSteps":16,"bpm":150,"changeBPM":false,"mustHitSection":false},{"typeOfSection":0,"sectionNotes":[[33800,3,0],[34000,1,0],[34200,0,0],[34400,1,0],[34800,3,0],[35000,1,0]],"lengthInSteps":16,"bpm":150,"changeBPM":false,"mustHitSection":false},{"typeOfSection":0,"sectionNotes":[[35600,1,0],[35400,3,0],[35800,0,0],[36600,0,0],[36700,3,0],[35900,3,600]],"lengthInSteps":16,"bpm":150,"changeBPM":false,"mustHitSection":true},{"typeOfSection":0,"sectionNotes":[[37000,3,0],[37200,1,0],[37400,0,0],[37500,3,0],[38000,3,0],[38200,0,0]],"lengthInSteps":16,"bpm":150,"changeBPM":false,"mustHitSection":true},{"typeOfSection":0,"sectionNotes":[[38800,1,0],[39000,0,0],[39100,3,0],[39800,0,0],[39900,3,0],[38400,3,400],[39300,3,400]],"lengthInSteps":16,"bpm":150,"changeBPM":false,"mustHitSection":true},{"typeOfSection":0,"sectionNotes":[[40200,3,0],[40400,1,0],[40600,0,0],[40800,1,0],[41200,3,0],[41400,1,0]],"lengthInSteps":16,"bpm":150,"changeBPM":false,"mustHitSection":true},{"typeOfSection":0,"sectionNotes":[[41600,7,300],[41600,0,0],[42000,3,0],[42200,0,0],[42600,0,0],[43000,3,0],[41800,0,0],[41800,3,0],[42600,2,0],[43000,1,0],[42300,2,0],[42100,2,0],[42300,6,0],[42900,6,0],[43000,5,0],[42600,4,0],[42500,6,0],[42000,5,0],[42200,5,0],[43100,7,0],[43000,7,0]],"lengthInSteps":16,"altAnim":true,"bpm":150,"changeBPM":false,"mustHitSection":false},{"typeOfSection":0,"sectionNotes":[[43200,7,300],[43200,0,0],[43600,3,0],[43800,0,0],[44200,0,0],[44600,3,0],[43800,6,200],[43900,3,200],[44400,6,200],[44400,2,200],[43400,1,100],[43400,4,100],[43700,4,100],[44100,4,100],[44600,5,0],[44700,5,0]],"lengthInSteps":16,"bpm":150,"changeBPM":false,"mustHitSection":true},{"typeOfSection":0,"sectionNotes":[[44800,7,300],[44800,0,0],[45200,3,0],[45400,0,0],[45800,0,0],[46200,3,0],[45000,1,0],[45600,1,0],[45900,2,0],[46100,2,0],[46100,5,0],[45700,6,0],[45400,7,0],[45200,5,0],[44900,5,100],[46100,7,100],[45600,4,100],[45100,0,100],[45400,2,100],[46000,1,100],[45900,7,100],[45900,5,100]],"lengthInSteps":16,"altAnim":true,"bpm":150,"changeBPM":false,"mustHitSection":false},{"typeOfSection":0,"sectionNotes":[[46400,0,0],[47000,0,0],[47400,0,0],[46600,0,0],[46500,3,0],[46800,0,0],[46700,3,0],[46900,3,0],[47200,0,0],[47100,3,0],[47600,0,0],[47500,3,0],[47800,0,0],[47700,4,0],[47700,3,0],[47800,7,0],[47500,4,0],[47300,4,0],[47100,4,0],[46900,4,0],[46700,4,0],[46500,4,0],[46400,7,0],[46600,7,0],[46800,7,0],[47000,7,0],[47200,7,0],[47300,3,0],[47400,7,0],[47600,7,0]],"lengthInSteps":16,"altAnim":true,"bpm":150,"changeBPM":false,"mustHitSection":true},{"typeOfSection":0,"sectionNotes":[[48100,1,0],[48300,1,0],[48500,1,0],[48700,1,0],[48900,1,0],[49100,1,0],[49300,1,0],[49500,1,0],[49500,5,0],[49300,5,0],[49100,5,0],[48900,5,0],[48700,5,0],[48500,5,0],[48300,5,0],[48100,5,0]],"lengthInSteps":16,"bpm":150,"changeBPM":false,"mustHitSection":false},{"typeOfSection":0,"sectionNotes":[[49800,1,0],[50200,1,0],[50600,1,0],[50000,1,0],[50400,1,0],[49800,5,0],[50000,5,0],[50200,5,0],[50400,5,0],[50600,5,0],[50900,3,200],[50900,7,200]],"lengthInSteps":16,"bpm":150,"changeBPM":false,"mustHitSection":false},{"typeOfSection":0,"sectionNotes":[[51700,3,600],[51700,7,600],[52400,3,0],[52500,3,0],[52600,3,0],[52700,3,0],[52700,7,0],[52600,7,0],[52500,7,0],[52400,7,0]],"lengthInSteps":16,"bpm":150,"changeBPM":false,"mustHitSection":false},{"typeOfSection":0,"sectionNotes":[[53000,1,0],[53400,1,0],[53800,1,0],[54000,3,0],[54200,3,0]],"lengthInSteps":16,"bpm":150,"changeBPM":false,"mustHitSection":false},{"typeOfSection":0,"sectionNotes":[[54600,1,0],[55000,1,0],[55400,1,0],[55800,3,0]],"lengthInSteps":16,"bpm":150,"changeBPM":false,"mustHitSection":true},{"typeOfSection":0,"sectionNotes":[[56200,1,0],[56600,1,0],[57000,1,0],[57200,3,0],[57400,3,0],[56200,1,0],[56600,1,0],[57000,1,0],[57200,3,0],[57400,3,0],[56200,1,0],[56600,1,0],[57000,1,0],[57200,3,0],[57400,3,0]],"lengthInSteps":16,"bpm":150,"changeBPM":false,"mustHitSection":true},{"typeOfSection":0,"sectionNotes":[[57800,1,0],[58200,1,0],[58600,1,0],[59000,3,0]],"lengthInSteps":16,"bpm":150,"changeBPM":false,"mustHitSection":true},{"typeOfSection":0,"sectionNotes":[[59400,1,0],[59800,1,0],[60200,1,0],[60400,3,0],[60600,3,0]],"lengthInSteps":16,"bpm":150,"changeBPM":false,"mustHitSection":true},{"typeOfSection":0,"sectionNotes":[[60800,2,0],[61000,3,0],[61200,0,0],[61600,1,0],[62000,1,0]],"lengthInSteps":16,"altAnim":true,"bpm":150,"changeBPM":false,"mustHitSection":false},{"typeOfSection":0,"sectionNotes":[[62400,0,0],[62800,0,0],[63000,3,100],[63200,1,0],[63600,3,200]],"lengthInSteps":16,"altAnim":true,"bpm":150,"changeBPM":false,"mustHitSection":false},{"typeOfSection":0,"sectionNotes":[[64000,2,0],[64200,3,0],[64400,0,0],[64800,1,0],[65200,1,0]],"lengthInSteps":16,"bpm":150,"changeBPM":false,"mustHitSection":true},{"typeOfSection":0,"sectionNotes":[[65600,0,0],[66000,0,0],[66200,3,100],[66400,1,0],[66800,3,200]],"lengthInSteps":16,"bpm":150,"changeBPM":false,"mustHitSection":true},{"typeOfSection":0,"sectionNotes":[[67200,1,0],[67400,3,0],[67600,0,200],[68000,1,0],[68400,1,0]],"lengthInSteps":16,"altAnim":true,"bpm":150,"changeBPM":false,"mustHitSection":false},{"typeOfSection":0,"sectionNotes":[[68800,3,0],[68900,0,100],[69200,1,0],[69600,2,300],[70000,2,300]],"lengthInSteps":16,"altAnim":true,"bpm":150,"changeBPM":false,"mustHitSection":false},{"typeOfSection":0,"sectionNotes":[[70400,1,0],[70600,3,0],[70800,0,200],[71200,1,0],[71600,1,0]],"lengthInSteps":16,"bpm":150,"changeBPM":false,"mustHitSection":true},{"typeOfSection":0,"sectionNotes":[[72000,3,0],[72100,0,100],[72400,1,0],[72800,2,300],[73200,2,300]],"lengthInSteps":16,"bpm":150,"changeBPM":false,"mustHitSection":true},{"typeOfSection":0,"sectionNotes":[[74200,4,0],[74300,7,0],[74400,6,0],[74600,7,0],[75100,7,0],[73600,4,300],[73900,7,0],[73600,4,300],[74000,1,0],[73600,2,0],[74400,3,100],[74800,0,0],[75000,2,0]],"lengthInSteps":16,"bpm":150,"changeBPM":false,"mustHitSection":true},{"typeOfSection":0,"sectionNotes":[[75600,5,0],[75400,7,0],[75900,7,0],[76000,6,0],[76200,7,0],[76400,5,0],[76600,4,0],[76700,7,0],[75400,0,0],[75800,0,0],[76200,0,0],[76600,3,400]],"lengthInSteps":16,"bpm":150,"changeBPM":false,"mustHitSection":true},{"typeOfSection":0,"sectionNotes":[[76800,7,0],[77000,7,0],[77200,5,0],[77400,4,0],[77500,7,0],[77800,7,0],[78000,5,0],[78200,4,0],[78300,7,0],[77200,1,100],[77600,3,100],[78000,1,0],[78200,0,0]],"lengthInSteps":16,"bpm":150,"changeBPM":false,"mustHitSection":true},{"typeOfSection":0,"sectionNotes":[[78600,7,0],[78800,5,0],[79000,4,0],[79200,5,0],[79300,4,0],[79600,7,0],[79800,5,0],[78600,0,0],[79000,1,0],[79400,1,0],[79600,2,300]],"lengthInSteps":16,"bpm":150,"changeBPM":false,"mustHitSection":true},{"typeOfSection":0,"sectionNotes":[[80400,1,0],[80200,3,0],[80600,0,0],[81000,3,0],[81400,0,0],[81500,3,0]],"lengthInSteps":16,"bpm":150,"changeBPM":false,"mustHitSection":true},{"typeOfSection":0,"sectionNotes":[[81800,3,0],[82000,1,0],[82200,0,0],[82300,3,0],[82800,3,0],[83000,0,0]],"lengthInSteps":16,"bpm":150,"changeBPM":false,"mustHitSection":true},{"typeOfSection":0,"sectionNotes":[[83200,3,0],[83600,1,0],[83800,0,0],[83900,3,0],[84200,3,0],[84600,0,0],[84700,3,0]],"lengthInSteps":16,"bpm":150,"changeBPM":false,"mustHitSection":true},{"typeOfSection":0,"sectionNotes":[[85000,3,0],[85200,1,0],[85400,0,0],[85600,1,0],[86000,3,0],[86200,1,0]],"lengthInSteps":16,"bpm":150,"changeBPM":false,"mustHitSection":true},{"typeOfSection":0,"sectionNotes":[[86400,7,300],[86400,0,0],[86800,3,0],[87400,0,0],[87800,3,0],[87000,0,0]],"lengthInSteps":16,"altAnim":true,"bpm":150,"changeBPM":false,"mustHitSection":false},{"typeOfSection":0,"sectionNotes":[[88000,7,300],[88000,0,0],[88400,3,0],[88600,0,0],[89000,0,0],[89400,3,0]],"lengthInSteps":16,"bpm":150,"changeBPM":false,"mustHitSection":true},{"typeOfSection":0,"sectionNotes":[[89600,7,300],[89600,0,0],[90000,3,0],[90200,0,0],[90600,0,0],[91000,3,0]],"lengthInSteps":16,"altAnim":true,"bpm":150,"changeBPM":false,"mustHitSection":false},{"typeOfSection":0,"sectionNotes":[[91200,7,300],[91200,0,0],[91600,3,0],[91800,0,0],[92200,0,0],[92600,3,0]],"lengthInSteps":16,"altAnim":true,"bpm":150,"changeBPM":false,"mustHitSection":true},{"typeOfSection":0,"sectionNotes":[[92800,3,600],[92800,4,600],[93700,1,400],[93700,5,400],[93700,6,400],[93700,2,400]],"lengthInSteps":16,"bpm":150,"changeBPM":false,"mustHitSection":true},{"typeOfSection":0,"sectionNotes":[[94600,2,600],[94600,6,600],[95300,2,0],[95400,3,0],[95700,2,0],[95800,3,0],[95600,3,0],[95800,7,0],[95600,7,0],[95400,7,0],[95300,6,0],[95500,2,0],[95500,6,0],[95700,6,0]],"lengthInSteps":16,"bpm":150,"changeBPM":false,"mustHitSection":true},{"typeOfSection":0,"sectionNotes":[[96200,3,700],[96200,7,700],[97000,0,500],[97000,4,500]],"lengthInSteps":16,"altAnim":false,"bpm":150,"changeBPM":false,"mustHitSection":true},{"typeOfSection":0,"sectionNotes":[[97700,2,700],[97700,6,700],[98500,3,0],[98600,3,0],[98700,3,0],[98800,3,0],[98500,7,0],[98600,7,0],[98700,7,0],[98800,7,0],[98900,2,0],[99000,1,0],[99100,1,0],[98900,6,0],[99000,5,0],[99100,5,0]],"lengthInSteps":16,"altAnim":false,"bpm":150,"changeBPM":false,"mustHitSection":true},{"lengthInSteps":16,"altAnim":false,"typeOfSection":0,"sectionNotes":[[99300,1,700],[99300,5,700],[100200,3,0],[100000,3,0],[100400,3,0],[100600,3,0],[100600,7,0],[100400,7,0],[100200,7,0],[100000,7,0]],"bpm":150,"changeBPM":false,"mustHitSection":true},{"lengthInSteps":16,"altAnim":false,"typeOfSection":0,"sectionNotes":[[100900,6,600],[100900,2,600],[101600,3,600],[101600,7,600]],"bpm":150,"changeBPM":false,"mustHitSection":true},{"lengthInSteps":16,"altAnim":false,"typeOfSection":0,"sectionNotes":[],"bpm":150,"changeBPM":false,"mustHitSection":true}],"song":"Eggnog","validScore":true,"sections":0,"needsVoices":true,"speed":1.9,"bpm":150}}