{"notes":[{"sectionNotes":[[0,1,0],[500,3,0],[1125,1,0],[1375,2,0],[1625,1,0]],"lengthInSteps":16,"typeOfSection":0,"mustHitSection":false},{"sectionNotes":[[2000,1,0],[2500,3,0],[3125,1,0],[3375,2,0],[3625,1,0]],"lengthInSteps":16,"typeOfSection":0,"mustHitSection":true},{"sectionNotes":[[4000,1,0],[4500,3,0],[5125,1,0],[5250,0,0],[5750,0,0],[5875,3,0]],"lengthInSteps":16,"typeOfSection":0,"mustHitSection":false},{"sectionNotes":[[7750,3,225],[6000,1,0],[6000,1,0],[6500,3,0],[7125,1,0],[7250,0,0]],"lengthInSteps":16,"typeOfSection":0,"mustHitSection":true},{"sectionNotes":[[8250,0,0],[8500,1,0],[9000,2,0]],"lengthInSteps":16,"typeOfSection":0,"mustHitSection":false},{"sectionNotes":[[10250,0,0],[10500,1,0],[10750,2,0],[11125,0,0],[11250,0,0],[11625,1,0],[11750,1,0],[11375,3,0]],"lengthInSteps":16,"typeOfSection":0,"mustHitSection":true},{"sectionNotes":[[12125,5,375],[12625,6,375],[13125,4,375],[13500,7,375]],"lengthInSteps":16,"typeOfSection":0,"mustHitSection":false},{"sectionNotes":[[14125,0,0],[14250,1,0],[14500,1,500],[15250,2,0],[15375,3,0],[15750,1,0],[15625,2,0]],"lengthInSteps":16,"typeOfSection":0,"mustHitSection":true},{"sectionNotes":[[16125,5,0],[16375,6,625],[16750,5,0],[17250,4,0],[17500,5,375]],"lengthInSteps":16,"typeOfSection":0,"mustHitSection":false},{"sectionNotes":[[18250,0,0],[18750,3,0],[19000,0,0],[18500,1,0],[19500,2,0]],"lengthInSteps":16,"typeOfSection":0,"mustHitSection":true},{"sectionNotes":[[20000,7,0],[20250,5,0],[20875,6,0],[21125,7,0],[21250,5,625],[21250,1,500]],"lengthInSteps":16,"typeOfSection":0,"mustHitSection":false},{"sectionNotes":[[22000,3,0],[22250,1,0],[22875,2,0],[23125,3,0],[23750,0,0]],"lengthInSteps":16,"typeOfSection":0,"mustHitSection":true},{"sectionNotes":[[24000,7,0],[24500,7,0],[25000,5,0],[25250,5,0],[25500,4,0],[25750,5,0],[25875,5,0]],"lengthInSteps":16,"typeOfSection":0,"mustHitSection":false},{"sectionNotes":[[26000,4,0],[26625,6,0],[26250,6,0],[27000,4,0],[27125,5,0],[27375,7,0],[27625,7,0],[27500,7,0],[27875,5,0]],"lengthInSteps":16,"typeOfSection":0,"mustHitSection":false},{"sectionNotes":[[28000,3,0],[28500,0,0],[29000,1,0],[29250,1,0],[29500,0,0],[29625,1,250]],"lengthInSteps":16,"typeOfSection":0,"mustHitSection":true},{"sectionNotes":[[30000,1,0],[30500,3,0],[30750,0,0],[31000,2,0],[31500,1,0]],"lengthInSteps":16,"typeOfSection":0,"mustHitSection":true},{"sectionNotes":[[32125,5,0],[32250,5,0],[32625,6,0],[32500,6,0],[32750,7,0],[33125,5,0],[33000,5,0],[33250,4,0],[33375,6,375]],"lengthInSteps":16,"typeOfSection":0,"mustHitSection":false},{"sectionNotes":[[34250,4,0],[34125,6,0],[34625,5,0],[35000,5,0],[34750,6,0],[34375,6,0],[35500,5,0],[35750,5,0],[35875,7,0],[35375,7,0]],"lengthInSteps":16,"typeOfSection":0,"mustHitSection":false},{"sectionNotes":[[36500,0,0],[36875,1,0],[37250,2,625]],"lengthInSteps":16,"typeOfSection":0,"mustHitSection":true},{"sectionNotes":[[38500,3,0],[38250,0,0],[38750,0,0],[39125,2,250],[39500,1,250]],"lengthInSteps":16,"typeOfSection":0,"mustHitSection":true},{"sectionNotes":[[40250,0,0],[40500,1,0],[41000,2,0],[40250,7,0],[40500,6,0],[41000,5,0],[41250,5,500],[41250,2,500]],"lengthInSteps":16,"typeOfSection":0,"mustHitSection":false},{"sectionNotes":[[42250,0,0],[42500,1,0],[43000,2,0],[43500,2,0],[43750,2,0]],"lengthInSteps":16,"typeOfSection":0,"mustHitSection":true},{"sectionNotes":[[44250,7,0],[44500,5,0],[44750,4,0],[45000,7,0],[45875,7,0],[45375,6,0],[45500,5,0]],"lengthInSteps":16,"typeOfSection":0,"mustHitSection":false},{"sectionNotes":[[46250,0,0],[46500,2,0],[46750,3,0],[47000,0,0],[47375,2,0],[47750,2,0]],"lengthInSteps":16,"typeOfSection":0,"mustHitSection":true},{"sectionNotes":[[48000,6,500],[48750,6,0],[48875,7,0],[49000,5,0],[49375,6,0],[49500,7,0]],"lengthInSteps":16,"typeOfSection":0,"mustHitSection":false},{"sectionNotes":[[50250,0,0],[50500,1,0],[50750,3,0],[51000,0,0],[51750,2,0],[51375,1,0],[51250,2,0]],"lengthInSteps":16,"typeOfSection":0,"mustHitSection":true},{"sectionNotes":[[52000,4,0],[52250,6,0],[52750,5,0],[53000,4,0],[53250,6,0],[53625,4,250]],"lengthInSteps":16,"typeOfSection":0,"mustHitSection":false},{"sectionNotes":[[55250,1,0],[55750,0,0],[54000,3,375],[54000,4,375],[54625,2,0],[54750,2,0]],"lengthInSteps":16,"typeOfSection":0,"mustHitSection":true},{"sectionNotes":[[56000,3,375],[56000,4,375],[56625,6,375],[56625,2,375],[57375,0,375],[57375,7,375]],"lengthInSteps":16,"typeOfSection":0,"mustHitSection":false},{"sectionNotes":[[58000,5,0],[58375,7,0],[58625,4,0],[58875,6,0],[59250,5,0],[59375,5,0],[59625,6,0],[59750,6,0]],"lengthInSteps":16,"typeOfSection":0,"mustHitSection":false},{"sectionNotes":[[60000,3,0],[60500,0,0],[61000,1,0],[61250,1,0],[61500,0,0],[61625,2,375]],"lengthInSteps":16,"typeOfSection":0,"mustHitSection":true},{"sectionNotes":[[62000,1,0],[62500,3,0],[62750,0,0],[63000,2,0],[63500,1,250]],"lengthInSteps":16,"typeOfSection":0,"mustHitSection":true},{"sectionNotes":[[64250,5,0],[64625,7,0],[65125,6,0],[64875,5,0],[65375,5,0],[65750,7,0],[65875,5,0],[65625,6,0]],"lengthInSteps":16,"typeOfSection":0,"mustHitSection":false},{"sectionNotes":[[66125,4,0],[66375,7,0],[66625,4,0],[66875,7,0],[67125,4,0],[67500,6,0],[67750,5,0]],"lengthInSteps":16,"typeOfSection":0,"mustHitSection":false},{"sectionNotes":[[68500,0,0],[68750,3,0],[69000,1,0],[69250,3,0],[69500,1,0],[69750,2,0]],"lengthInSteps":16,"typeOfSection":0,"mustHitSection":true},{"sectionNotes":[[70500,3,0],[70250,0,0],[70750,0,0],[71125,2,250],[71500,1,250]],"lengthInSteps":16,"typeOfSection":0,"mustHitSection":true},{"sectionNotes":[[72000,5,0],[72375,6,0],[72875,6,0],[73125,4,0],[72625,5,0],[73500,7,0],[73500,5,0],[73250,6,0],[73625,6,250]],"lengthInSteps":16,"typeOfSection":0,"mustHitSection":false},{"sectionNotes":[[74000,1,0],[74500,3,0],[75125,1,0],[75375,2,0],[75625,1,0]],"lengthInSteps":16,"typeOfSection":0,"mustHitSection":true},{"sectionNotes":[[76000,1,0],[76500,3,0],[77125,1,0],[77250,0,0],[77750,0,0],[77875,3,0]],"lengthInSteps":16,"typeOfSection":0,"mustHitSection":false},{"sectionNotes":[[79750,3,225],[78000,1,0],[78000,1,0],[78500,3,0],[79125,1,0],[79250,0,0]],"lengthInSteps":16,"typeOfSection":0,"mustHitSection":true},{"sectionNotes":[],"lengthInSteps":16,"typeOfSection":0,"mustHitSection":true},{"sectionNotes":[],"lengthInSteps":16,"typeOfSection":0,"mustHitSection":true},{"typeOfSection":0,"sectionNotes":[],"lengthInSteps":16,"bpm":120,"changeBPM":false,"mustHitSection":true},{"lengthInSteps":16,"altAnim":false,"typeOfSection":0,"sectionNotes":[],"bpm":120,"changeBPM":false,"mustHitSection":true},{"lengthInSteps":16,"altAnim":false,"typeOfSection":0,"sectionNotes":[],"bpm":120,"changeBPM":false,"mustHitSection":true},{"lengthInSteps":16,"altAnim":false,"typeOfSection":0,"sectionNotes":[],"bpm":120,"changeBPM":false,"mustHitSection":true},{"lengthInSteps":16,"altAnim":false,"typeOfSection":0,"sectionNotes":[],"bpm":120,"changeBPM":false,"mustHitSection":true}],"sections":47,"bpm":120,"song":{"sectionLengths":[],"player1":"bf","notes":[{"sectionNotes":[[0,1,0],[500,3,0],[1125,1,0],[1375,2,0],[1625,1,0]],"lengthInSteps":16,"typeOfSection":0,"mustHitSection":false},{"sectionNotes":[[2000,1,0],[2500,3,0],[3125,1,0],[3375,2,0],[3625,1,0]],"lengthInSteps":16,"typeOfSection":0,"mustHitSection":true},{"sectionNotes":[[4000,1,0],[4500,3,0],[5125,1,0],[5250,0,0],[5750,0,0],[5875,3,0]],"lengthInSteps":16,"typeOfSection":0,"mustHitSection":false},{"sectionNotes":[[7750,3,225],[6000,1,0],[6000,1,0],[6500,3,0],[7125,1,0],[7250,0,0]],"lengthInSteps":16,"typeOfSection":0,"mustHitSection":true},{"sectionNotes":[[8250,0,0],[8500,1,0],[9000,2,0]],"lengthInSteps":16,"typeOfSection":0,"mustHitSection":false},{"sectionNotes":[[10250,0,0],[10500,1,0],[10750,2,0],[11125,0,0],[11250,0,0],[11625,1,0],[11750,1,0],[11375,3,0]],"lengthInSteps":16,"typeOfSection":0,"mustHitSection":true},{"sectionNotes":[[12125,5,375],[12625,6,375],[13125,4,375],[13500,7,375]],"lengthInSteps":16,"typeOfSection":0,"mustHitSection":false},{"sectionNotes":[[14125,0,0],[14250,1,0],[14500,1,500],[15250,2,0],[15375,3,0],[15750,1,0],[15625,2,0]],"lengthInSteps":16,"typeOfSection":0,"mustHitSection":true},{"sectionNotes":[[16125,5,0],[16375,6,625],[16750,5,0],[17250,4,0],[17500,5,375]],"lengthInSteps":16,"typeOfSection":0,"mustHitSection":false},{"sectionNotes":[[18250,0,0],[18750,3,0],[19000,0,0],[18500,1,0],[19500,2,0]],"lengthInSteps":16,"typeOfSection":0,"mustHitSection":true},{"sectionNotes":[[20000,7,0],[20250,5,0],[20875,6,0],[21125,7,0],[21250,5,625],[21250,1,500]],"lengthInSteps":16,"typeOfSection":0,"mustHitSection":false},{"sectionNotes":[[22000,3,0],[22250,1,0],[22875,2,0],[23125,3,0],[23750,0,0]],"lengthInSteps":16,"typeOfSection":0,"mustHitSection":true},{"sectionNotes":[[24000,7,0],[24500,7,0],[25000,5,0],[25250,5,0],[25500,4,0],[25750,5,0],[25875,5,0]],"lengthInSteps":16,"typeOfSection":0,"mustHitSection":false},{"sectionNotes":[[26000,4,0],[26625,6,0],[26250,6,0],[27000,4,0],[27125,5,0],[27375,7,0],[27625,7,0],[27500,7,0],[27875,5,0]],"lengthInSteps":16,"typeOfSection":0,"mustHitSection":false},{"sectionNotes":[[28000,3,0],[28500,0,0],[29000,1,0],[29250,1,0],[29500,0,0],[29625,1,250]],"lengthInSteps":16,"typeOfSection":0,"mustHitSection":true},{"sectionNotes":[[30000,1,0],[30500,3,0],[30750,0,0],[31000,2,0],[31500,1,0]],"lengthInSteps":16,"typeOfSection":0,"mustHitSection":true},{"sectionNotes":[[32125,5,0],[32250,5,0],[32625,6,0],[32500,6,0],[32750,7,0],[33125,5,0],[33000,5,0],[33250,4,0],[33375,6,375]],"lengthInSteps":16,"typeOfSection":0,"mustHitSection":false},{"sectionNotes":[[34250,4,0],[34125,6,0],[34625,5,0],[35000,5,0],[34750,6,0],[34375,6,0],[35500,5,0],[35750,5,0],[35875,7,0],[35375,7,0]],"lengthInSteps":16,"typeOfSection":0,"mustHitSection":false},{"sectionNotes":[[36500,0,0],[36875,1,0],[37250,2,625]],"lengthInSteps":16,"typeOfSection":0,"mustHitSection":true},{"sectionNotes":[[38500,3,0],[38250,0,0],[38750,0,0],[39125,2,250],[39500,1,250]],"lengthInSteps":16,"typeOfSection":0,"mustHitSection":true},{"sectionNotes":[[40250,0,0],[40500,1,0],[41000,2,0],[40250,7,0],[40500,6,0],[41000,5,0],[41250,5,500],[41250,2,500]],"lengthInSteps":16,"typeOfSection":0,"mustHitSection":false},{"sectionNotes":[[42250,0,0],[42500,1,0],[43000,2,0],[43500,2,0],[43750,2,0]],"lengthInSteps":16,"typeOfSection":0,"mustHitSection":true},{"sectionNotes":[[44250,7,0],[44500,5,0],[44750,4,0],[45000,7,0],[45875,7,0],[45375,6,0],[45500,5,0]],"lengthInSteps":16,"typeOfSection":0,"mustHitSection":false},{"sectionNotes":[[46250,0,0],[46500,2,0],[46750,3,0],[47000,0,0],[47375,2,0],[47750,2,0]],"lengthInSteps":16,"typeOfSection":0,"mustHitSection":true},{"sectionNotes":[[48000,6,500],[48750,6,0],[48875,7,0],[49000,5,0],[49375,6,0],[49500,7,0]],"lengthInSteps":16,"typeOfSection":0,"mustHitSection":false},{"sectionNotes":[[50250,0,0],[50500,1,0],[50750,3,0],[51000,0,0],[51750,2,0],[51375,1,0],[51250,2,0]],"lengthInSteps":16,"typeOfSection":0,"mustHitSection":true},{"sectionNotes":[[52000,4,0],[52250,6,0],[52750,5,0],[53000,4,0],[53250,6,0],[53625,4,250]],"lengthInSteps":16,"typeOfSection":0,"mustHitSection":false},{"sectionNotes":[[55250,1,0],[55750,0,0],[54000,3,375],[54000,4,375],[54625,2,0],[54750,2,0]],"lengthInSteps":16,"typeOfSection":0,"mustHitSection":true},{"sectionNotes":[[56000,3,375],[56000,4,375],[56625,6,375],[56625,2,375],[57375,0,375],[57375,7,375]],"lengthInSteps":16,"typeOfSection":0,"mustHitSection":false},{"sectionNotes":[[58000,5,0],[58375,7,0],[58625,4,0],[58875,6,0],[59250,5,0],[59375,5,0],[59625,6,0],[59750,6,0]],"lengthInSteps":16,"typeOfSection":0,"mustHitSection":false},{"sectionNotes":[[60000,3,0],[60500,0,0],[61000,1,0],[61250,1,0],[61500,0,0],[61625,2,375]],"lengthInSteps":16,"typeOfSection":0,"mustHitSection":true},{"sectionNotes":[[62000,1,0],[62500,3,0],[62750,0,0],[63000,2,0],[63500,1,250]],"lengthInSteps":16,"typeOfSection":0,"mustHitSection":true},{"sectionNotes":[[64250,5,0],[64625,7,0],[65125,6,0],[64875,5,0],[65375,5,0],[65750,7,0],[65875,5,0],[65625,6,0]],"lengthInSteps":16,"typeOfSection":0,"mustHitSection":false},{"sectionNotes":[[66125,4,0],[66375,7,0],[66625,4,0],[66875,7,0],[67125,4,0],[67500,6,0],[67750,5,0]],"lengthInSteps":16,"typeOfSection":0,"mustHitSection":false},{"sectionNotes":[[68500,0,0],[68750,3,0],[69000,1,0],[69250,3,0],[69500,1,0],[69750,2,0]],"lengthInSteps":16,"typeOfSection":0,"mustHitSection":true},{"sectionNotes":[[70500,3,0],[70250,0,0],[70750,0,0],[71125,2,250],[71500,1,250]],"lengthInSteps":16,"typeOfSection":0,"mustHitSection":true},{"sectionNotes":[[72000,5,0],[72375,6,0],[72875,6,0],[73125,4,0],[72625,5,0],[73500,7,0],[73500,5,0],[73250,6,0],[73625,6,250]],"lengthInSteps":16,"typeOfSection":0,"mustHitSection":false},{"sectionNotes":[[74000,1,0],[74500,3,0],[75125,1,0],[75375,2,0],[75625,1,0]],"lengthInSteps":16,"typeOfSection":0,"mustHitSection":true},{"sectionNotes":[[76000,1,0],[76500,3,0],[77125,1,0],[77250,0,0],[77750,0,0],[77875,3,0]],"lengthInSteps":16,"typeOfSection":0,"mustHitSection":false},{"sectionNotes":[[79750,3,225],[78000,1,0],[78000,1,0],[78500,3,0],[79125,1,0],[79250,0,0]],"lengthInSteps":16,"typeOfSection":0,"mustHitSection":true},{"sectionNotes":[],"lengthInSteps":16,"typeOfSection":0,"mustHitSection":true},{"sectionNotes":[],"lengthInSteps":16,"typeOfSection":0,"mustHitSection":true},{"typeOfSection":0,"sectionNotes":[],"lengthInSteps":16,"bpm":120,"changeBPM":false,"mustHitSection":true},{"lengthInSteps":16,"altAnim":false,"typeOfSection":0,"sectionNotes":[],"bpm":120,"changeBPM":false,"mustHitSection":true},{"lengthInSteps":16,"altAnim":false,"typeOfSection":0,"sectionNotes":[],"bpm":120,"changeBPM":false,"mustHitSection":true},{"lengthInSteps":16,"altAnim":false,"typeOfSection":0,"sectionNotes":[],"bpm":120,"changeBPM":false,"mustHitSection":true},{"lengthInSteps":16,"altAnim":false,"typeOfSection":0,"sectionNotes":[],"bpm":120,"changeBPM":false,"mustHitSection":true}],"player2":"dad","song":"Fresh","validScore":true,"sections":0,"needsVoices":true,"speed":1,"bpm":120}}